标题,字段1
贵州大曲（戊戌狗年）,http://www.moutaichina.com/uploadfile/2018/0628/thumb_350_350_GZDQ-02.jpg
贵州大曲（戊戌狗年）,http://www.moutaichina.com/uploadfile/2018/0628/thumb_350_350_GZDQ-04.jpg
贵州大曲（戊戌狗年）,http://www.moutaichina.com/uploadfile/2018/0628/thumb_350_350_GZDQ-05.jpg
贵州大曲（戊戌狗年）,http://www.moutaichina.com/uploadfile/2018/0628/thumb_350_350_GZDQ-07.jpg
贵州大曲（戊戌狗年）,http://www.moutaichina.com/uploadfile/2018/0628/thumb_350_350_GZDQ-06.jpg
贵州茅台酒（新飞天500ml）,http://www.moutaichina.com/uploadfile/2016/0113/20160113033135487.jpg
贵州茅台酒（新飞天500ml）,http://www.moutaichina.com/uploadfile/2016/0113/20160113033136748.jpg
贵州茅台酒（新飞天500ml）,http://www.moutaichina.com/uploadfile/2016/0113/20160113033136997.jpg
贵州茅台酒（新飞天500ml）,http://www.moutaichina.com/uploadfile/2016/0113/20160113033137591.jpg
贵州茅台酒（新飞天500ml）,http://www.moutaichina.com/uploadfile/2016/0113/20160113033138658.jpg
贵州茅台酒（新飞天500ml）,http://www.moutaichina.com/uploadfile/2016/0113/20160113033139150.jpg
贵州茅台酒（新飞天500ml）,http://www.moutaichina.com/uploadfile/2016/0113/20160113033140459.jpg
贵州茅台酒（新飞天500ml）,http://www.moutaichina.com/uploadfile/2016/0113/20160113033141237.jpg
茅台迎宾酒（凤祥）,http://www.moutaichina.com/uploadfile/2017/0515/thumb_350_350_YBJ_FX_001.jpg
茅台迎宾酒（凤祥）,http://www.moutaichina.com/uploadfile/2017/0515/thumb_350_350_YBJ_FX_002.jpg
茅台迎宾酒（凤祥）,http://www.moutaichina.com/uploadfile/2017/0515/thumb_350_350_YBJ_FX_003.jpg
茅台迎宾酒（凤祥）,http://www.moutaichina.com/uploadfile/2017/0515/thumb_350_350_YBJ_FX_004.jpg
茅台迎宾酒（凤祥）,http://www.moutaichina.com/uploadfile/2017/0515/thumb_350_350_YBJ_FX_005.jpg
茅台迎宾酒（龙呈）,http://www.moutaichina.com/uploadfile/2017/0515/thumb_350_350_YBJ_LC_001.jpg
茅台迎宾酒（龙呈）,http://www.moutaichina.com/uploadfile/2017/0515/thumb_350_350_YBJ_LC_002.jpg
茅台迎宾酒（龙呈）,http://www.moutaichina.com/uploadfile/2017/0515/thumb_350_350_YBJ_LC_003.jpg
茅台迎宾酒（龙呈）,http://www.moutaichina.com/uploadfile/2017/0515/thumb_350_350_YBJ_LC_004.jpg
茅台迎宾酒（龙呈）,http://www.moutaichina.com/uploadfile/2017/0515/thumb_350_350_YBJ_LC_005.jpg
茅台迎宾酒（花开富贵）,http://www.moutaichina.com/uploadfile/2017/0515/thumb_350_350_YBJ_HKFG_001.jpg
茅台迎宾酒（花开富贵）,http://www.moutaichina.com/uploadfile/2017/0515/thumb_350_350_YBJ_HKFG_002.jpg
茅台迎宾酒（花开富贵）,http://www.moutaichina.com/uploadfile/2017/0515/thumb_350_350_YBJ_HKFG_003.jpg
茅台迎宾酒（花开富贵）,http://www.moutaichina.com/uploadfile/2017/0515/thumb_350_350_YBJ_HKFG_004.jpg
茅台迎宾酒（花开富贵）,http://www.moutaichina.com/uploadfile/2017/0515/thumb_350_350_YBJ_HKFG_005.jpg
茅台迎宾酒（中国红）,http://www.moutaichina.com/uploadfile/2017/0515/thumb_350_350_YBJ_ZGH_001.jpg
茅台迎宾酒（中国红）,http://www.moutaichina.com/uploadfile/2017/0515/thumb_350_350_YBJ_ZGH_002.jpg
茅台迎宾酒（中国红）,http://www.moutaichina.com/uploadfile/2017/0515/thumb_350_350_YBJ_ZGH_003.jpg
茅台迎宾酒（中国红）,http://www.moutaichina.com/uploadfile/2017/0515/thumb_350_350_YBJ_ZGH_004.jpg
茅台迎宾酒（中国红）,http://www.moutaichina.com/uploadfile/2017/0515/thumb_350_350_YBJ_ZGH_005.jpg
赖茅酒（传禧）,http://www.moutaichina.com/uploadfile/2017/0515/thumb_350_350_LMJ_CX_001.jpg
赖茅酒（传禧）,http://www.moutaichina.com/uploadfile/2017/0515/thumb_350_350_LMJ_CX_002.jpg
赖茅酒（传禧）,http://www.moutaichina.com/uploadfile/2017/0515/thumb_350_350_LMJ_CX_003.jpg
赖茅酒（传禧）,http://www.moutaichina.com/uploadfile/2017/0515/thumb_350_350_LMJ_CX_004.jpg
赖茅酒（传禧）,http://www.moutaichina.com/uploadfile/2017/0515/thumb_350_350_LMJ_CX_005.jpg
赖茅酒（ 端曲）,http://www.moutaichina.com/uploadfile/2017/0515/thumb_350_350_LM_DQ_001.jpg
赖茅酒（ 端曲）,http://www.moutaichina.com/uploadfile/2017/0515/thumb_350_350_LM_DQ_002.jpg
赖茅酒（ 端曲）,http://www.moutaichina.com/uploadfile/2017/0515/thumb_350_350_LM_DQ_003.jpg
赖茅酒（ 端曲）,http://www.moutaichina.com/uploadfile/2017/0515/thumb_350_350_LM_DQ_004.jpg
赖茅酒（ 端曲）,http://www.moutaichina.com/uploadfile/2017/0515/thumb_350_350_LM_DQ_005.jpg
仁酒（368ml）,http://www.moutaichina.com/uploadfile/2017/0515/thumb_350_350_RJ_368_001.jpg
仁酒（368ml）,http://www.moutaichina.com/uploadfile/2017/0515/thumb_350_350_RJ_368_002.jpg
仁酒（368ml）,http://www.moutaichina.com/uploadfile/2017/0515/thumb_350_350_RJ_368_003.jpg
仁酒（368ml）,http://www.moutaichina.com/uploadfile/2017/0515/thumb_350_350_RJ_368_004.jpg
汉酱酒（375ml）,http://www.moutaichina.com/uploadfile/2017/0512/thumb_350_350_HJ_375_001.jpg
汉酱酒（375ml）,http://www.moutaichina.com/uploadfile/2017/0512/thumb_350_350_HJ_375_002.jpg
汉酱酒（375ml）,http://www.moutaichina.com/uploadfile/2017/0512/thumb_350_350_HJ_375_003.jpg
汉酱酒（375ml）,http://www.moutaichina.com/uploadfile/2017/0512/thumb_350_350_HJ_375_004.jpg
汉酱酒（375ml）,http://www.moutaichina.com/uploadfile/2017/0512/thumb_350_350_HJ_375_005.jpg
汉酱酒（375ml）,http://www.moutaichina.com/uploadfile/2017/0512/thumb_350_350_HJ_375_006.jpg
贵州大曲（80年代银酱）,http://www.moutaichina.com/uploadfile/2017/0512/thumb_350_350_GZDQ_80_A01.jpg
贵州大曲（80年代银酱）,http://www.moutaichina.com/uploadfile/2017/0512/thumb_350_350_GZDQ_80_A02.jpg
贵州大曲（80年代银酱）,http://www.moutaichina.com/uploadfile/2017/0512/thumb_350_350_GZDQ_80_A03.jpg
贵州大曲（80年代银酱）,http://www.moutaichina.com/uploadfile/2017/0512/thumb_350_350_GZDQ_80_A04.jpg
贵州大曲（80年代银酱）,http://www.moutaichina.com/uploadfile/2017/0512/thumb_350_350_GZDQ_80_A05.jpg
贵州大曲（80年代金酱）,http://www.moutaichina.com/uploadfile/2017/0512/thumb_350_350_GZDQ_80_001.jpg
贵州大曲（80年代金酱）,http://www.moutaichina.com/uploadfile/2017/0512/thumb_350_350_GZDQ_80_002.jpg
贵州大曲（80年代金酱）,http://www.moutaichina.com/uploadfile/2017/0512/thumb_350_350_GZDQ_80_003.jpg
贵州大曲（80年代金酱）,http://www.moutaichina.com/uploadfile/2017/0512/thumb_350_350_GZDQ_80_004.jpg
贵州大曲（70年代）,http://www.moutaichina.com/uploadfile/2017/0512/thumb_350_350_GZDQ_70_001.jpg
贵州大曲（70年代）,http://www.moutaichina.com/uploadfile/2017/0512/thumb_350_350_GZDQ_70_002.jpg
贵州大曲（70年代）,http://www.moutaichina.com/uploadfile/2017/0512/thumb_350_350_GZDQ_70_003.jpg
贵州大曲（70年代）,http://www.moutaichina.com/uploadfile/2017/0512/thumb_350_350_GZDQ_70_004.jpg
贵州大曲（70年代）,http://www.moutaichina.com/uploadfile/2017/0512/thumb_350_350_GZDQ_70_005.jpg
贵州大曲（丁酉鸡年）,http://www.moutaichina.com/uploadfile/2017/0512/thumb_350_350_GZDQ_DYJN_001.jpg
贵州大曲（丁酉鸡年）,http://www.moutaichina.com/uploadfile/2017/0512/thumb_350_350_GZDQ_DYJN_002.jpg
贵州大曲（丁酉鸡年）,http://www.moutaichina.com/uploadfile/2017/0512/thumb_350_350_GZDQ_DYJN_003.jpg
贵州大曲（首发纪念）,http://www.moutaichina.com/uploadfile/2017/0512/thumb_350_350_GZDQ_SFJN_001.jpg
贵州大曲（首发纪念）,http://www.moutaichina.com/uploadfile/2017/0512/thumb_350_350_GZDQ_SFJN_002.jpg
贵州大曲（首发纪念）,http://www.moutaichina.com/uploadfile/2017/0512/thumb_350_350_GZDQ_SFJN_003.jpg
茅台王子酒（酱色）,http://www.moutaichina.com/uploadfile/2017/0509/thumb_350_350_WZJ_JS_001.jpg
茅台王子酒（酱色）,http://www.moutaichina.com/uploadfile/2017/0509/thumb_350_350_WZJ_JS_002.jpg
茅台王子酒（酱色）,http://www.moutaichina.com/uploadfile/2017/0509/thumb_350_350_WZJ_JS_003.jpg
茅台王子酒（黑金）,http://www.moutaichina.com/uploadfile/2017/0509/thumb_350_350_WZJ_HJ_001.jpg
茅台王子酒（黑金）,http://www.moutaichina.com/uploadfile/2017/0509/thumb_350_350_WZJ_HJ_002.jpg
茅台王子酒（黑金）,http://www.moutaichina.com/uploadfile/2017/0509/thumb_350_350_WZJ_HJ_003.jpg
茅台王子酒（黑金）,http://www.moutaichina.com/uploadfile/2017/0509/thumb_350_350_WZJ_HJ_004.jpg
茅台王子酒（传承2000）,http://www.moutaichina.com/uploadfile/2017/0509/thumb_350_350_WZJ_CC200_001.jpg
茅台王子酒（传承2000）,http://www.moutaichina.com/uploadfile/2017/0509/thumb_350_350_WZJ_CC200_002.jpg
茅台王子酒（传承2000）,http://www.moutaichina.com/uploadfile/2017/0509/thumb_350_350_WZJ_CC200_003.jpg
茅台王子酒（传承2000）,http://www.moutaichina.com/uploadfile/2017/0509/thumb_350_350_WZJ_CC200_004.jpg
茅台王子酒（传承1999）,http://www.moutaichina.com/uploadfile/2017/0509/thumb_350_350_WZJ_CC1999_001.jpg
茅台王子酒（传承1999）,http://www.moutaichina.com/uploadfile/2017/0509/thumb_350_350_WZJ_CC1999_002.jpg
茅台王子酒（传承1999）,http://www.moutaichina.com/uploadfile/2017/0509/thumb_350_350_WZJ_CC1999_003.jpg
茅台王子酒（传承1999）,http://www.moutaichina.com/uploadfile/2017/0509/thumb_350_350_WZJ_CC1999_004.jpg
茅台王子酒（金王子）,http://www.moutaichina.com/uploadfile/2017/0509/thumb_350_350_WZJ_JWZ_001.jpg
茅台王子酒（金王子）,http://www.moutaichina.com/uploadfile/2017/0509/thumb_350_350_WZJ_JWZ_002.jpg
茅台王子酒（酱香经典）,http://www.moutaichina.com/uploadfile/2017/0508/thumb_350_350_WZJ_JXJD_001.jpg
茅台王子酒（酱香经典）,http://www.moutaichina.com/uploadfile/2017/0508/thumb_350_350_WZJ_JXJD_002.jpg
茅台王子酒（酱香经典）,http://www.moutaichina.com/uploadfile/2017/0508/thumb_350_350_WZJ_JXJD_003.jpg
贵州茅台酒（新飞天53度1300ml）,http://www.moutaichina.com/uploadfile/2016/1124/thumb_350_350_20161124110106818.jpg
贵州茅台酒（新飞天53度1300ml）,http://www.moutaichina.com/uploadfile/2016/1124/thumb_350_350_20161124110120166.jpg
贵州茅台酒（新飞天53度1300ml）,http://www.moutaichina.com/uploadfile/2016/1124/thumb_350_350_20161124110146858.jpg
贵州茅台酒（新飞天53度1300ml）,http://www.moutaichina.com/uploadfile/2016/1124/thumb_350_350_20161124110130329.jpg
贵州茅台酒（新飞天53度1300ml）,http://www.moutaichina.com/uploadfile/2016/1124/thumb_350_350_20161124110201750.jpg
贵州茅台酒（新飞天53度1300ml）,http://www.moutaichina.com/uploadfile/2016/1124/thumb_350_350_20161124110342529.jpg
贵州茅台酒（新飞天53度1300ml）,http://www.moutaichina.com/uploadfile/2016/1124/thumb_350_350_20161124110355741.jpg
贵州茅台酒（新飞天53度1300ml）,http://www.moutaichina.com/uploadfile/2016/1124/thumb_350_350_20161124110405597.jpg
贵州茅台酒（新飞天53度1300ml）,http://www.moutaichina.com/uploadfile/2016/1124/thumb_350_350_20161124110415934.jpg
贵州茅台酒(43度400ml),http://www.moutaichina.com/uploadfile/2016/1124/thumb_350_350_20161124103316582.jpg
贵州茅台酒(43度400ml),http://www.moutaichina.com/uploadfile/2016/1124/thumb_350_350_20161124103340375.jpg
贵州茅台酒(43度400ml),http://www.moutaichina.com/uploadfile/2016/1124/thumb_350_350_20161124103353821.jpg
贵州茅台酒(43度400ml),http://www.moutaichina.com/uploadfile/2016/1124/thumb_350_350_20161124103417216.jpg
贵州茅台酒(43度400ml),http://www.moutaichina.com/uploadfile/2016/1124/thumb_350_350_20161124103436758.jpg
贵州茅台酒(43度400ml),http://www.moutaichina.com/uploadfile/2016/1124/thumb_350_350_20161124103450472.jpg
贵州茅台酒(43度400ml),http://www.moutaichina.com/uploadfile/2016/1124/thumb_350_350_20161124103506567.jpg
贵州茅台酒(43度400ml),http://www.moutaichina.com/uploadfile/2016/1124/thumb_350_350_20161124103520253.jpg
贵州茅台酒(43度400ml),http://www.moutaichina.com/uploadfile/2016/1124/thumb_350_350_20161124103533100.jpg
15年陈年茅台酒,http://www.moutaichina.com/uploadfile/2016/0113/20160113111817891.jpg
15年陈年茅台酒,http://www.moutaichina.com/uploadfile/2016/0113/20160113111818488.jpg
15年陈年茅台酒,http://www.moutaichina.com/uploadfile/2016/0113/20160113111819628.jpg
15年陈年茅台酒,http://www.moutaichina.com/uploadfile/2016/0113/20160113111820563.jpg
15年陈年茅台酒,http://www.moutaichina.com/uploadfile/2016/0113/20160113111822741.jpg
15年陈年茅台酒,http://www.moutaichina.com/uploadfile/2016/0113/20160113111823985.jpg
15年陈年茅台酒,http://www.moutaichina.com/uploadfile/2016/0113/20160113111824711.jpg
贵州茅台酒（豪华装金色）,http://www.moutaichina.com/uploadfile/2016/0113/20160113054243628.jpg
贵州茅台酒（豪华装金色）,http://www.moutaichina.com/uploadfile/2016/0113/20160113054245605.jpg
贵州茅台酒（豪华装金色）,http://www.moutaichina.com/uploadfile/2016/0113/20160113054246465.jpg
贵州茅台酒（豪华装金色）,http://www.moutaichina.com/uploadfile/2016/0113/20160113054247229.jpg
贵州茅台酒（豪华装金色）,http://www.moutaichina.com/uploadfile/2016/0113/20160113054248871.jpg
贵州茅台酒（豪华装金色）,http://www.moutaichina.com/uploadfile/2016/0113/20160113054250977.jpg
贵州茅台酒（豪华装金色）,http://www.moutaichina.com/uploadfile/2016/0113/20160113054250300.jpg
贵州茅台酒（豪华装金色）,http://www.moutaichina.com/uploadfile/2016/0113/20160113054253616.jpg
贵州茅台酒（五星）,http://www.moutaichina.com/uploadfile/2016/0113/20160113035708841.jpg
贵州茅台酒（五星）,http://www.moutaichina.com/uploadfile/2016/0113/20160113035709820.jpg
贵州茅台酒（五星）,http://www.moutaichina.com/uploadfile/2016/0113/20160113035709326.jpg
贵州茅台酒（五星）,http://www.moutaichina.com/uploadfile/2016/0113/20160113035710132.jpg
贵州茅台酒（五星）,http://www.moutaichina.com/uploadfile/2016/0113/20160113035710607.jpg
贵州茅台酒（五星）,http://www.moutaichina.com/uploadfile/2016/0113/20160113035711396.jpg
贵州茅台酒（五星）,http://www.moutaichina.com/uploadfile/2016/0113/20160113035712917.jpg
贵州茅台酒（五星）,http://www.moutaichina.com/uploadfile/2016/0113/20160113035712142.jpg
贵州茅台酒（五星）,http://www.moutaichina.com/uploadfile/2016/0113/20160113035713393.jpg
贵州茅台酒（五星）,http://www.moutaichina.com/uploadfile/2016/0113/20160113035714797.jpg
贵州茅台酒（新五星）,http://www.moutaichina.com/uploadfile/2016/0113/20160113035824389.jpg
贵州茅台酒（新五星）,http://www.moutaichina.com/uploadfile/2016/0113/20160113035825267.jpg
贵州茅台酒（新五星）,http://www.moutaichina.com/uploadfile/2016/0113/20160113035826397.jpg
贵州茅台酒（新五星）,http://www.moutaichina.com/uploadfile/2016/0113/20160113035827869.jpg
贵州茅台酒（新五星）,http://www.moutaichina.com/uploadfile/2016/0113/20160113035827806.jpg
贵州茅台酒（新五星）,http://www.moutaichina.com/uploadfile/2016/0113/20160113035828762.jpg
贵州茅台酒（新五星）,http://www.moutaichina.com/uploadfile/2016/0113/20160113035829121.jpg
贵州茅台酒（新五星）,http://www.moutaichina.com/uploadfile/2016/0113/20160113035829355.jpg
贵州茅台酒（飞天500ml）,http://www.moutaichina.com/uploadfile/2016/0113/20160113032040243.jpg
贵州茅台酒（飞天500ml）,http://www.moutaichina.com/uploadfile/2016/0113/20160113032041304.jpg
贵州茅台酒（飞天500ml）,http://www.moutaichina.com/uploadfile/2016/0113/20160113032042623.jpg
贵州茅台酒（飞天500ml）,http://www.moutaichina.com/uploadfile/2016/0113/20160113032042347.jpg
贵州茅台酒（飞天500ml）,http://www.moutaichina.com/uploadfile/2016/0113/20160113032043450.jpg
贵州茅台酒（特需）,http://www.moutaichina.com/uploadfile/2016/0126/20160126085924510.jpg
贵州茅台酒（特需）,http://www.moutaichina.com/uploadfile/2016/0126/20160126085924919.jpg
贵州茅台酒（特需）,http://www.moutaichina.com/uploadfile/2016/0126/20160126085925391.jpg
贵州茅台酒（特需）,http://www.moutaichina.com/uploadfile/2016/0126/20160126085925110.jpg
贵州茅台酒（特需）,http://www.moutaichina.com/uploadfile/2016/0126/20160126085925340.jpg
贵州茅台酒（特需）,http://www.moutaichina.com/uploadfile/2016/0126/20160126085925374.jpg
贵州茅台酒（特需）,http://www.moutaichina.com/uploadfile/2016/0126/20160126085926857.jpg
茅台王子酒（53度500毫升）,http://www.moutaichina.com/uploadfile/2016/0114/20160114063052597.jpg
茅台王子酒（53度500毫升）,http://www.moutaichina.com/uploadfile/2016/0114/20160114063053940.jpg
茅台王子酒（53度500毫升）,http://www.moutaichina.com/uploadfile/2016/0114/20160114063054459.jpg
茅台王子酒（53度500毫升）,http://www.moutaichina.com/uploadfile/2016/0114/20160114063055744.jpg
茅台王子酒（53度500毫升）,http://www.moutaichina.com/uploadfile/2016/0114/20160114063056820.jpg
茅台王子酒（53度500毫升）,http://www.moutaichina.com/uploadfile/2016/0114/20160114063057467.jpg
茅台王子酒（53度500毫升）,http://www.moutaichina.com/uploadfile/2016/0114/20160114063058182.jpg
茅台王子酒（53度500毫升）,http://www.moutaichina.com/uploadfile/2016/0114/20160114063059218.jpg
汉酱酒(51度500ml),http://www.moutaichina.com/uploadfile/2016/0113/20160113040023238.jpg
汉酱酒(51度500ml),http://www.moutaichina.com/uploadfile/2016/0113/20160113040023484.jpg
汉酱酒(51度500ml),http://www.moutaichina.com/uploadfile/2016/0113/20160113040024114.jpg
汉酱酒(51度500ml),http://www.moutaichina.com/uploadfile/2016/0113/20160113040025229.jpg
仁酒,http://www.moutaichina.com/uploadfile/2016/0113/20160113040144690.jpg
仁酒,http://www.moutaichina.com/uploadfile/2016/0113/20160113040145568.jpg
仁酒,http://www.moutaichina.com/uploadfile/2016/0113/20160113040146190.jpg
仁酒,http://www.moutaichina.com/uploadfile/2016/0113/20160113040147710.jpg
茅台迎宾酒（53度500毫升）,http://www.moutaichina.com/uploadfile/2016/0114/20160114071209910.jpg
茅台迎宾酒（53度500毫升）,http://www.moutaichina.com/uploadfile/2016/0114/20160114071210884.jpg
茅台迎宾酒（53度500毫升）,http://www.moutaichina.com/uploadfile/2016/0114/20160114071211273.jpg
茅台迎宾酒（53度500毫升）,http://www.moutaichina.com/uploadfile/2016/0114/20160114071211814.jpg
茅台迎宾酒（53度500毫升）,http://www.moutaichina.com/uploadfile/2016/0114/20160114071212976.jpg
茅台迎宾酒（53度500毫升）,http://www.moutaichina.com/uploadfile/2016/0114/20160114071213157.jpg
茅台迎宾酒（53度500毫升）,http://www.moutaichina.com/uploadfile/2016/0114/20160114071214945.jpg
贵州茅台酒(礼宾),http://www.moutaichina.com/uploadfile/2016/0120/20160120095853463.jpg
贵州茅台酒(礼宾),http://www.moutaichina.com/uploadfile/2016/0120/20160120095853906.jpg
贵州茅台酒(礼宾),http://www.moutaichina.com/uploadfile/2016/0120/20160120095853506.jpg
贵州茅台酒(礼宾),http://www.moutaichina.com/uploadfile/2016/0120/20160120095854539.jpg
贵州茅台酒(礼宾),http://www.moutaichina.com/uploadfile/2016/0120/20160120095854816.jpg
贵州茅台酒(礼宾),http://www.moutaichina.com/uploadfile/2016/0120/20160120095854229.jpg
财富酒（红尊）,http://www.moutaichina.com/uploadfile/2016/0114/20160114071707776.jpg
财富酒（红尊）,http://www.moutaichina.com/uploadfile/2016/0114/20160114071708639.jpg
财富酒（红尊）,http://www.moutaichina.com/uploadfile/2016/0114/20160114071709875.jpg
财富酒（红尊）,http://www.moutaichina.com/uploadfile/2016/0114/20160114071709132.jpg
财富酒（红尊）,http://www.moutaichina.com/uploadfile/2016/0114/20160114071710833.jpg
财富酒（红尊）,http://www.moutaichina.com/uploadfile/2016/0114/20160114071711522.jpg
财富酒（红尊）,http://www.moutaichina.com/uploadfile/2016/0114/20160114071712866.jpg
国博酒（改革开放）,http://www.moutaichina.com/uploadfile/2016/0120/20160120102053570.jpg
国博酒（改革开放）,http://www.moutaichina.com/uploadfile/2016/0120/20160120102053967.jpg
国博酒（改革开放）,http://www.moutaichina.com/uploadfile/2016/0120/20160120102053970.jpg
国博酒（改革开放）,http://www.moutaichina.com/uploadfile/2016/0120/20160120102054636.jpg
国博酒（改革开放）,http://www.moutaichina.com/uploadfile/2016/0120/20160120102054377.jpg
国博酒（改革开放）,http://www.moutaichina.com/uploadfile/2016/0120/20160120102054752.jpg
国博酒（建馆纪念）,http://www.moutaichina.com/uploadfile/2016/0120/20160120102112786.jpg
国博酒（建馆纪念）,http://www.moutaichina.com/uploadfile/2016/0120/20160120102112603.jpg
国博酒（建馆纪念）,http://www.moutaichina.com/uploadfile/2016/0120/20160120102113940.jpg
国博酒（建馆纪念）,http://www.moutaichina.com/uploadfile/2016/0120/20160120102113516.jpg
国博酒（建馆纪念）,http://www.moutaichina.com/uploadfile/2016/0120/20160120102113968.jpg
国博酒（1949）,http://www.moutaichina.com/uploadfile/2016/0120/20160120102131307.jpg
国博酒（1949）,http://www.moutaichina.com/uploadfile/2016/0120/20160120102131313.jpg
国博酒（1949）,http://www.moutaichina.com/uploadfile/2016/0120/20160120102132252.jpg
国博酒（1949）,http://www.moutaichina.com/uploadfile/2016/0120/20160120102132388.jpg
财富酒（福尊）,http://www.moutaichina.com/uploadfile/2016/0114/20160114071837763.jpg
财富酒（福尊）,http://www.moutaichina.com/uploadfile/2016/0114/20160114071839432.jpg
财富酒（福尊）,http://www.moutaichina.com/uploadfile/2016/0114/20160114071841483.jpg
财富酒（福尊）,http://www.moutaichina.com/uploadfile/2016/0114/20160114071843240.jpg
财富酒（福尊）,http://www.moutaichina.com/uploadfile/2016/0114/20160114071844662.jpg
财富酒（福尊）,http://www.moutaichina.com/uploadfile/2016/0114/20160114071845551.jpg
财富酒（福尊）,http://www.moutaichina.com/uploadfile/2016/0114/20160114071846555.jpg
财富酒（金尊）,http://www.moutaichina.com/uploadfile/2016/0114/20160114072009290.jpg
财富酒（金尊）,http://www.moutaichina.com/uploadfile/2016/0114/20160114072010400.jpg
财富酒（金尊）,http://www.moutaichina.com/uploadfile/2016/0114/20160114072011153.jpg
财富酒（金尊）,http://www.moutaichina.com/uploadfile/2016/0114/20160114072012812.jpg
财富酒（金尊）,http://www.moutaichina.com/uploadfile/2016/0114/20160114072013105.jpg
财富酒（金尊）,http://www.moutaichina.com/uploadfile/2016/0114/20160114072013137.jpg
财富酒（金尊）,http://www.moutaichina.com/uploadfile/2016/0114/20160114072015691.jpg
财富酒（金尊）,http://www.moutaichina.com/uploadfile/2016/0114/20160114072018508.jpg
财富酒（龙尊）,http://www.moutaichina.com/uploadfile/2016/0114/20160114072148623.jpg
财富酒（龙尊）,http://www.moutaichina.com/uploadfile/2016/0114/20160114072148690.jpg
财富酒（龙尊）,http://www.moutaichina.com/uploadfile/2016/0114/20160114072149917.jpg
财富酒（龙尊）,http://www.moutaichina.com/uploadfile/2016/0114/20160114072150173.jpg
财富酒（龙尊）,http://www.moutaichina.com/uploadfile/2016/0114/20160114072151422.jpg
财富酒（龙尊）,http://www.moutaichina.com/uploadfile/2016/0114/20160114072152183.jpg
财富酒（龙尊）,http://www.moutaichina.com/uploadfile/2016/0114/20160114072152453.jpg
财富酒（龙尊）,http://www.moutaichina.com/uploadfile/2016/0114/20160114072154438.jpg
财富酒（御尊）,http://www.moutaichina.com/uploadfile/2016/0114/20160114072301180.jpg
财富酒（御尊）,http://www.moutaichina.com/uploadfile/2016/0114/20160114072302632.jpg
财富酒（御尊）,http://www.moutaichina.com/uploadfile/2016/0114/20160114072302108.jpg
财富酒（御尊）,http://www.moutaichina.com/uploadfile/2016/0114/20160114072303658.jpg
财富酒（御尊）,http://www.moutaichina.com/uploadfile/2016/0114/20160114072304439.jpg
财富酒（御尊）,http://www.moutaichina.com/uploadfile/2016/0114/20160114072304252.jpg
财富酒（御尊）,http://www.moutaichina.com/uploadfile/2016/0114/20160114072305491.jpg
财富酒（御尊）,http://www.moutaichina.com/uploadfile/2016/0114/20160114072306736.jpg
财富酒（御尊）,http://www.moutaichina.com/uploadfile/2016/0114/20160114072307523.jpg
财富酒（藏品）,http://www.moutaichina.com/uploadfile/2016/0120/20160120102225377.jpg
财富酒（藏品）,http://www.moutaichina.com/uploadfile/2016/0120/20160120102226178.jpg
财富酒（藏品）,http://www.moutaichina.com/uploadfile/2016/0120/20160120102226909.jpg
财富酒（藏品）,http://www.moutaichina.com/uploadfile/2016/0120/20160120102227978.jpg
财富酒（藏品）,http://www.moutaichina.com/uploadfile/2016/0120/20160120102228231.jpg
财富酒（藏品）,http://www.moutaichina.com/uploadfile/2016/0120/20160120102228529.jpg
财富酒（藏品）,http://www.moutaichina.com/uploadfile/2016/0120/20160120102228301.jpg
财富酒（和尊）,http://www.moutaichina.com/uploadfile/2016/0120/20160120102246877.jpg
财富酒（和尊）,http://www.moutaichina.com/uploadfile/2016/0120/20160120102247151.jpg
财富酒（和尊）,http://www.moutaichina.com/uploadfile/2016/0120/20160120102247126.jpg
财富酒（和尊）,http://www.moutaichina.com/uploadfile/2016/0120/20160120102247696.jpg
财富酒（和尊）,http://www.moutaichina.com/uploadfile/2016/0120/20160120102248997.jpg
财富酒（和尊）,http://www.moutaichina.com/uploadfile/2016/0120/20160120102248570.jpg
财富酒（珍品）,http://www.moutaichina.com/uploadfile/2016/0120/20160120102317146.jpg
财富酒（珍品）,http://www.moutaichina.com/uploadfile/2016/0120/20160120102317612.jpg
财富酒（珍品）,http://www.moutaichina.com/uploadfile/2016/0120/20160120102317592.jpg
财富酒（珍品）,http://www.moutaichina.com/uploadfile/2016/0120/20160120102317696.jpg
财富酒（珍品）,http://www.moutaichina.com/uploadfile/2016/0120/20160120102318852.jpg
财富酒（珍品）,http://www.moutaichina.com/uploadfile/2016/0120/20160120102318227.jpg
财富酒（珍品）,http://www.moutaichina.com/uploadfile/2016/0120/20160120102318525.jpg
财富酒（珍品2014）,http://www.moutaichina.com/uploadfile/2016/0120/20160120102408145.jpg
财富酒（珍品2014）,http://www.moutaichina.com/uploadfile/2016/0120/20160120102408952.jpg
财富酒（珍品2014）,http://www.moutaichina.com/uploadfile/2016/0120/20160120102408842.jpg
财富酒（珍品2014）,http://www.moutaichina.com/uploadfile/2016/0120/20160120102408698.jpg
财富酒（珍品2014）,http://www.moutaichina.com/uploadfile/2016/0120/20160120102409403.jpg
财富酒（珍品2014）,http://www.moutaichina.com/uploadfile/2016/0120/20160120102409811.jpg
财富酒（珍品2014）,http://www.moutaichina.com/uploadfile/2016/0120/20160120102409231.jpg
财富酒（熊猫）,http://www.moutaichina.com/uploadfile/2016/0125/20160125102503248.jpg
财富酒（熊猫）,http://www.moutaichina.com/uploadfile/2016/0125/20160125102504853.jpg
财富酒（熊猫）,http://www.moutaichina.com/uploadfile/2016/0125/20160125102504361.jpg
茅台迎宾酒（43度500ml）,http://www.moutaichina.com/uploadfile/2016/0114/20160114064437692.jpg
茅台迎宾酒（43度500ml）,http://www.moutaichina.com/uploadfile/2016/0114/20160114064439988.jpg
茅台迎宾酒（43度500ml）,http://www.moutaichina.com/uploadfile/2016/0114/20160114064440986.jpg
茅台迎宾酒（43度500ml）,http://www.moutaichina.com/uploadfile/2016/0114/20160114064440657.jpg
茅台迎宾酒（43度500ml）,http://www.moutaichina.com/uploadfile/2016/0114/20160114064441180.jpg
茅台迎宾酒（43度500ml）,http://www.moutaichina.com/uploadfile/2016/0114/20160114064442465.jpg
茅台迎宾酒（43度500ml）,http://www.moutaichina.com/uploadfile/2016/0114/20160114064443138.jpg
茅台迎宾酒（43度500ml）,http://www.moutaichina.com/uploadfile/2016/0114/20160114064444780.jpg
茅台迎宾酒（嘉宾级）,http://www.moutaichina.com/uploadfile/2016/0114/20160114064610399.jpg
茅台迎宾酒（嘉宾级）,http://www.moutaichina.com/uploadfile/2016/0114/20160114064612720.jpg
茅台迎宾酒（嘉宾级）,http://www.moutaichina.com/uploadfile/2016/0114/20160114064613149.jpg
茅台迎宾酒（嘉宾级）,http://www.moutaichina.com/uploadfile/2016/0114/20160114064614548.jpg
茅台迎宾酒（嘉宾级）,http://www.moutaichina.com/uploadfile/2016/0114/20160114064615689.jpg
茅台迎宾酒（嘉宾级）,http://www.moutaichina.com/uploadfile/2016/0114/20160114064615868.jpg
茅台迎宾酒（嘉宾级）,http://www.moutaichina.com/uploadfile/2016/0114/20160114064619609.jpg
茅台迎宾酒（河南专销）,http://www.moutaichina.com/uploadfile/2016/0114/20160114064750638.jpg
茅台迎宾酒（河南专销）,http://www.moutaichina.com/uploadfile/2016/0114/20160114064751854.jpg
茅台迎宾酒（河南专销）,http://www.moutaichina.com/uploadfile/2016/0114/20160114064752866.jpg
茅台迎宾酒（河南专销）,http://www.moutaichina.com/uploadfile/2016/0114/20160114064753179.jpg
茅台迎宾酒（河南专销）,http://www.moutaichina.com/uploadfile/2016/0114/20160114064754245.jpg
茅台迎宾酒（河南专销）,http://www.moutaichina.com/uploadfile/2016/0114/20160114064755344.jpg
茅台迎宾酒（河南专销）,http://www.moutaichina.com/uploadfile/2016/0114/20160114064756648.jpg
茅台迎宾酒（河南专销）,http://www.moutaichina.com/uploadfile/2016/0114/20160114064757641.jpg
茅台迎宾酒（山东专销）,http://www.moutaichina.com/uploadfile/2016/0114/20160114065004409.jpg
茅台迎宾酒（山东专销）,http://www.moutaichina.com/uploadfile/2016/0114/20160114065006278.jpg
茅台迎宾酒（山东专销）,http://www.moutaichina.com/uploadfile/2016/0114/20160114065007377.jpg
茅台迎宾酒（山东专销）,http://www.moutaichina.com/uploadfile/2016/0114/20160114065007770.jpg
茅台迎宾酒（山东专销）,http://www.moutaichina.com/uploadfile/2016/0114/20160114065008840.jpg
茅台迎宾酒（山东专销）,http://www.moutaichina.com/uploadfile/2016/0114/20160114065009299.jpg
茅台迎宾酒（山东专销）,http://www.moutaichina.com/uploadfile/2016/0114/20160114065010978.jpg
茅台迎宾酒（山东专销）,http://www.moutaichina.com/uploadfile/2016/0114/20160114065011534.jpg
茅台迎宾酒（天赐良缘）,http://www.moutaichina.com/uploadfile/2016/0114/20160114065145724.jpg
茅台迎宾酒（天赐良缘）,http://www.moutaichina.com/uploadfile/2016/0114/20160114065147749.jpg
茅台迎宾酒（天赐良缘）,http://www.moutaichina.com/uploadfile/2016/0114/20160114065148479.jpg
茅台迎宾酒（天赐良缘）,http://www.moutaichina.com/uploadfile/2016/0114/20160114065149342.jpg
茅台迎宾酒（天赐良缘）,http://www.moutaichina.com/uploadfile/2016/0114/20160114065150965.jpg
茅台迎宾酒（天赐良缘）,http://www.moutaichina.com/uploadfile/2016/0114/20160114065151754.jpg
茅台迎宾酒（天赐良缘）,http://www.moutaichina.com/uploadfile/2016/0114/20160114065152607.jpg
茅台迎宾酒（河南专销53度500ml）,http://www.moutaichina.com/uploadfile/2016/0114/20160114065417147.jpg
茅台迎宾酒（河南专销53度500ml）,http://www.moutaichina.com/uploadfile/2016/0114/20160114065418618.jpg
茅台迎宾酒（河南专销53度500ml）,http://www.moutaichina.com/uploadfile/2016/0114/20160114065419247.jpg
茅台迎宾酒（河南专销53度500ml）,http://www.moutaichina.com/uploadfile/2016/0114/20160114065420584.jpg
茅台迎宾酒（河南专销53度500ml）,http://www.moutaichina.com/uploadfile/2016/0114/20160114065421364.jpg
茅台迎宾酒（河南专销53度500ml）,http://www.moutaichina.com/uploadfile/2016/0114/20160114065422778.jpg
茅台迎宾酒（河南专销53度500ml）,http://www.moutaichina.com/uploadfile/2016/0114/20160114065423748.jpg
茅台迎宾酒（43度200ml）,http://www.moutaichina.com/uploadfile/2016/0114/20160114065549515.jpg
茅台迎宾酒（43度200ml）,http://www.moutaichina.com/uploadfile/2016/0114/20160114065551277.jpg
茅台迎宾酒（43度200ml）,http://www.moutaichina.com/uploadfile/2016/0114/20160114065552627.jpg
茅台迎宾酒（43度200ml）,http://www.moutaichina.com/uploadfile/2016/0114/20160114065553553.jpg
茅台迎宾酒（43度200ml）,http://www.moutaichina.com/uploadfile/2016/0114/20160114065553516.jpg
茅台迎宾酒（43度200ml）,http://www.moutaichina.com/uploadfile/2016/0114/20160114065554486.jpg
茅台迎宾酒（43度200ml）,http://www.moutaichina.com/uploadfile/2016/0114/20160114065555234.jpg
茅台迎宾酒（43度200ml）,http://www.moutaichina.com/uploadfile/2016/0114/20160114065555442.jpg
茅台迎宾酒（齐鲁之宴43度500ml）,http://www.moutaichina.com/uploadfile/2016/0114/20160114065715861.jpg
茅台迎宾酒（齐鲁之宴43度500ml）,http://www.moutaichina.com/uploadfile/2016/0114/20160114065716823.jpg
茅台迎宾酒（齐鲁之宴43度500ml）,http://www.moutaichina.com/uploadfile/2016/0114/20160114065716951.jpg
茅台迎宾酒（齐鲁之宴43度500ml）,http://www.moutaichina.com/uploadfile/2016/0114/20160114065717413.jpg
茅台迎宾酒（齐鲁之宴43度500ml）,http://www.moutaichina.com/uploadfile/2016/0114/20160114065718791.jpg
茅台迎宾酒（齐鲁之宴43度500ml）,http://www.moutaichina.com/uploadfile/2016/0114/20160114065718458.jpg
茅台迎宾酒（齐鲁之宴43度500ml）,http://www.moutaichina.com/uploadfile/2016/0114/20160114065719918.jpg
茅台迎宾酒（天赐良缘43度500ml）,http://www.moutaichina.com/uploadfile/2016/0114/20160114065935120.jpg
茅台迎宾酒（天赐良缘43度500ml）,http://www.moutaichina.com/uploadfile/2016/0114/20160114065936303.jpg
茅台迎宾酒（天赐良缘43度500ml）,http://www.moutaichina.com/uploadfile/2016/0114/20160114065936139.jpg
茅台迎宾酒（天赐良缘43度500ml）,http://www.moutaichina.com/uploadfile/2016/0114/20160114065937902.jpg
茅台迎宾酒（天赐良缘43度500ml）,http://www.moutaichina.com/uploadfile/2016/0114/20160114065938716.jpg
茅台迎宾酒（天赐良缘43度500ml）,http://www.moutaichina.com/uploadfile/2016/0114/20160114065938732.jpg
茅台迎宾酒（天赐良缘43度500ml）,http://www.moutaichina.com/uploadfile/2016/0114/20160114065939254.jpg
茅台迎宾酒（山东专销43度500ml）,http://www.moutaichina.com/uploadfile/2016/0114/20160114070112360.jpg
茅台迎宾酒（山东专销43度500ml）,http://www.moutaichina.com/uploadfile/2016/0114/20160114070114224.jpg
茅台迎宾酒（山东专销43度500ml）,http://www.moutaichina.com/uploadfile/2016/0114/20160114070115519.jpg
茅台迎宾酒（山东专销43度500ml）,http://www.moutaichina.com/uploadfile/2016/0114/20160114070116971.jpg
茅台迎宾酒（山东专销43度500ml）,http://www.moutaichina.com/uploadfile/2016/0114/20160114070117688.jpg
茅台迎宾酒（山东专销43度500ml）,http://www.moutaichina.com/uploadfile/2016/0114/20160114070117770.jpg
茅台迎宾酒（山东专销43度500ml）,http://www.moutaichina.com/uploadfile/2016/0114/20160114070118205.jpg
茅台迎宾酒（山东专销43度500ml）,http://www.moutaichina.com/uploadfile/2016/0114/20160114070119533.jpg
茅台迎宾酒（嘉宾级-粤港澳）,http://www.moutaichina.com/uploadfile/2016/0114/20160114070251957.jpg
茅台迎宾酒（嘉宾级-粤港澳）,http://www.moutaichina.com/uploadfile/2016/0114/20160114070253892.jpg
茅台迎宾酒（嘉宾级-粤港澳）,http://www.moutaichina.com/uploadfile/2016/0114/20160114070255898.jpg
茅台迎宾酒（嘉宾级-粤港澳）,http://www.moutaichina.com/uploadfile/2016/0114/20160114070256760.jpg
茅台迎宾酒（嘉宾级-粤港澳）,http://www.moutaichina.com/uploadfile/2016/0114/20160114070257514.jpg
茅台迎宾酒（嘉宾级-粤港澳）,http://www.moutaichina.com/uploadfile/2016/0114/20160114070257309.jpg
茅台迎宾酒（嘉宾级-粤港澳）,http://www.moutaichina.com/uploadfile/2016/0114/20160114070258371.jpg
茅台迎宾酒（嘉宾级-粤港澳）,http://www.moutaichina.com/uploadfile/2016/0114/20160114070259271.jpg
茅台迎宾酒（福建专销）,http://www.moutaichina.com/uploadfile/2016/0114/20160114070430296.jpg
茅台迎宾酒（福建专销）,http://www.moutaichina.com/uploadfile/2016/0114/20160114070431475.jpg
茅台迎宾酒（福建专销）,http://www.moutaichina.com/uploadfile/2016/0114/20160114070432492.jpg
茅台迎宾酒（福建专销）,http://www.moutaichina.com/uploadfile/2016/0114/20160114070432169.jpg
茅台迎宾酒（福建专销）,http://www.moutaichina.com/uploadfile/2016/0114/20160114070433858.jpg
茅台迎宾酒（福建专销）,http://www.moutaichina.com/uploadfile/2016/0114/20160114070436388.jpg
茅台迎宾酒（齐鲁之宴53度500ml）,http://www.moutaichina.com/uploadfile/2016/0114/20160114070546935.jpg
茅台迎宾酒（齐鲁之宴53度500ml）,http://www.moutaichina.com/uploadfile/2016/0114/20160114070547461.jpg
茅台迎宾酒（齐鲁之宴53度500ml）,http://www.moutaichina.com/uploadfile/2016/0114/20160114070548801.jpg
茅台迎宾酒（齐鲁之宴53度500ml）,http://www.moutaichina.com/uploadfile/2016/0114/20160114070549314.jpg
茅台迎宾酒（齐鲁之宴53度500ml）,http://www.moutaichina.com/uploadfile/2016/0114/20160114070549908.jpg
茅台迎宾酒（齐鲁之宴53度500ml）,http://www.moutaichina.com/uploadfile/2016/0114/20160114070550123.jpg
茅台迎宾酒（齐鲁之宴53度500ml）,http://www.moutaichina.com/uploadfile/2016/0114/20160114070551901.jpg
茅台迎宾酒（齐鲁之宴53度500ml）,http://www.moutaichina.com/uploadfile/2016/0114/20160114070552489.jpg
茅台迎宾酒（情满中原）,http://www.moutaichina.com/uploadfile/2016/0114/20160114070705769.jpg
茅台迎宾酒（情满中原）,http://www.moutaichina.com/uploadfile/2016/0114/20160114070706107.jpg
茅台迎宾酒（情满中原）,http://www.moutaichina.com/uploadfile/2016/0114/20160114070707397.jpg
茅台迎宾酒（情满中原）,http://www.moutaichina.com/uploadfile/2016/0114/20160114070708242.jpg
茅台迎宾酒（情满中原）,http://www.moutaichina.com/uploadfile/2016/0114/20160114070709794.jpg
茅台迎宾酒（情满中原）,http://www.moutaichina.com/uploadfile/2016/0114/20160114070709221.jpg
茅台迎宾酒（情满中原）,http://www.moutaichina.com/uploadfile/2016/0114/20160114070710610.jpg
茅台迎宾酒（情满中原）,http://www.moutaichina.com/uploadfile/2016/0114/20160114070711577.jpg
茅台迎宾酒（礼盒375ml+2*200ml）,http://www.moutaichina.com/uploadfile/2016/0114/20160114072834427.jpg
茅台迎宾酒（礼盒375ml+2*200ml）,http://www.moutaichina.com/uploadfile/2016/0114/20160114072836217.jpg
茅台迎宾酒（礼盒375ml+2*200ml）,http://www.moutaichina.com/uploadfile/2016/0114/20160114072836398.jpg
茅台迎宾酒（礼盒375ml+2*200ml）,http://www.moutaichina.com/uploadfile/2016/0114/20160114072837268.jpg
茅台迎宾酒（礼盒375ml+2*200ml）,http://www.moutaichina.com/uploadfile/2016/0114/20160114072838187.jpg
茅台迎宾酒（礼盒375ml+2*200ml）,http://www.moutaichina.com/uploadfile/2016/0114/20160114072839410.jpg
茅台迎宾酒（礼盒375ml+2*200ml）,http://www.moutaichina.com/uploadfile/2016/0114/20160114072841864.jpg
茅台迎宾酒（礼盒375ml+2*200ml）,http://www.moutaichina.com/uploadfile/2016/0114/20160114072843272.jpg
茅台迎宾酒（礼盒375ml+2*200ml）,http://www.moutaichina.com/uploadfile/2016/0114/20160114072845262.jpg
茅台迎宾酒（礼盒375ml+2*200ml）,http://www.moutaichina.com/uploadfile/2016/0114/20160114072847175.jpg
茅台迎宾酒（53度750ml）,http://www.moutaichina.com/uploadfile/2016/0114/20160114070930796.jpg
茅台迎宾酒（53度750ml）,http://www.moutaichina.com/uploadfile/2016/0114/20160114070931858.jpg
茅台迎宾酒（53度750ml）,http://www.moutaichina.com/uploadfile/2016/0114/20160114070932905.jpg
茅台迎宾酒（53度750ml）,http://www.moutaichina.com/uploadfile/2016/0114/20160114070933658.jpg
茅台迎宾酒（53度750ml）,http://www.moutaichina.com/uploadfile/2016/0114/20160114070933790.jpg
茅台迎宾酒（53度750ml）,http://www.moutaichina.com/uploadfile/2016/0114/20160114070934434.jpg
茅台迎宾酒（53度750ml）,http://www.moutaichina.com/uploadfile/2016/0114/20160114070935892.jpg
茅台迎宾酒（53度750ml）,http://www.moutaichina.com/uploadfile/2016/0114/20160114070936494.jpg
迎宾酒 53度500ml(2013款),http://www.moutaichina.com/uploadfile/2016/0114/20160114071352533.jpg
迎宾酒 53度500ml(2013款),http://www.moutaichina.com/uploadfile/2016/0114/20160114071353184.jpg
迎宾酒 53度500ml(2013款),http://www.moutaichina.com/uploadfile/2016/0114/20160114071402981.jpg
迎宾酒 53度500ml(2013款),http://www.moutaichina.com/uploadfile/2016/0114/20160114071415458.jpg
迎宾酒 53度500ml(2013款),http://www.moutaichina.com/uploadfile/2016/0114/20160114071424854.jpg
迎宾酒 53度500ml(2013款),http://www.moutaichina.com/uploadfile/2016/0114/20160114071428673.jpg
迎宾酒 53度500ml(2013款),http://www.moutaichina.com/uploadfile/2016/0114/20160114071431818.jpg
茅台王子酒（46度500毫升）,http://www.moutaichina.com/uploadfile/2016/0114/20160114061720635.jpg
茅台王子酒（46度500毫升）,http://www.moutaichina.com/uploadfile/2016/0114/20160114061721497.jpg
茅台王子酒（46度500毫升）,http://www.moutaichina.com/uploadfile/2016/0114/20160114061722586.jpg
茅台王子酒（46度500毫升）,http://www.moutaichina.com/uploadfile/2016/0114/20160114061723849.jpg
茅台王子酒（46度500毫升）,http://www.moutaichina.com/uploadfile/2016/0114/20160114061724452.jpg
茅台王子酒（46度500毫升）,http://www.moutaichina.com/uploadfile/2016/0114/20160114061725212.jpg
茅台王子酒（46度500毫升）,http://www.moutaichina.com/uploadfile/2016/0114/20160114061726256.jpg
茅台王子酒（46度500毫升）,http://www.moutaichina.com/uploadfile/2016/0114/20160114061727970.jpg
茅台王子酒（粤港澳）,http://www.moutaichina.com/uploadfile/2016/0114/20160114061900928.jpg
茅台王子酒（粤港澳）,http://www.moutaichina.com/uploadfile/2016/0114/20160114061901740.jpg
茅台王子酒（粤港澳）,http://www.moutaichina.com/uploadfile/2016/0114/20160114061903777.jpg
茅台王子酒（粤港澳）,http://www.moutaichina.com/uploadfile/2016/0114/20160114061903488.jpg
茅台王子酒（粤港澳）,http://www.moutaichina.com/uploadfile/2016/0114/20160114061904819.jpg
茅台王子酒（粤港澳）,http://www.moutaichina.com/uploadfile/2016/0114/20160114061905888.jpg
茅台王子酒（粤港澳）,http://www.moutaichina.com/uploadfile/2016/0114/20160114061906269.jpg
茅台王子酒（粤港澳）,http://www.moutaichina.com/uploadfile/2016/0114/20160114061907390.jpg
茅台王子酒（贵州专销）,http://www.moutaichina.com/uploadfile/2016/0114/20160114062051566.jpg
茅台王子酒（贵州专销）,http://www.moutaichina.com/uploadfile/2016/0114/20160114062052984.jpg
茅台王子酒（贵州专销）,http://www.moutaichina.com/uploadfile/2016/0114/20160114062053940.jpg
茅台王子酒（贵州专销）,http://www.moutaichina.com/uploadfile/2016/0114/20160114062054654.jpg
茅台王子酒（贵州专销）,http://www.moutaichina.com/uploadfile/2016/0114/20160114062055453.jpg
茅台王子酒（贵州专销）,http://www.moutaichina.com/uploadfile/2016/0114/20160114062056196.jpg
茅台王子酒（贵州专销）,http://www.moutaichina.com/uploadfile/2016/0114/20160114062057396.jpg
茅台王子酒（贵州专销）,http://www.moutaichina.com/uploadfile/2016/0114/20160114062059468.jpg
茅台王子酒（酱门经典）,http://www.moutaichina.com/uploadfile/2016/0114/20160114062215613.jpg
茅台王子酒（酱门经典）,http://www.moutaichina.com/uploadfile/2016/0114/20160114062222992.jpg
茅台王子酒（酱门经典）,http://www.moutaichina.com/uploadfile/2016/0114/20160114062223895.jpg
茅台王子酒（酱门经典）,http://www.moutaichina.com/uploadfile/2016/0114/20160114062224491.jpg
茅台王子酒（酱门经典）,http://www.moutaichina.com/uploadfile/2016/0114/20160114062225411.jpg
茅台王子酒（酱门经典）,http://www.moutaichina.com/uploadfile/2016/0114/20160114062226897.jpg
茅台王子酒（酱门经典）,http://www.moutaichina.com/uploadfile/2016/0114/20160114062228906.jpg
茅台王子酒（酱门经典）,http://www.moutaichina.com/uploadfile/2016/0114/20160114062229303.jpg
茅台王子酒（珍品）,http://www.moutaichina.com/uploadfile/2016/0114/20160114062331794.jpg
茅台王子酒（珍品）,http://www.moutaichina.com/uploadfile/2016/0114/20160114062332724.jpg
茅台王子酒（珍品）,http://www.moutaichina.com/uploadfile/2016/0114/20160114062333918.jpg
茅台王子酒（珍品）,http://www.moutaichina.com/uploadfile/2016/0114/20160114062333308.jpg
茅台王子酒（珍品）,http://www.moutaichina.com/uploadfile/2016/0114/20160114062334634.jpg
茅台王子酒（珍品）,http://www.moutaichina.com/uploadfile/2016/0114/20160114062335339.jpg
茅台王子酒（珍品）,http://www.moutaichina.com/uploadfile/2016/0114/20160114062336908.jpg
茅台王子酒（珍品）,http://www.moutaichina.com/uploadfile/2016/0114/20160114062337422.jpg
茅台王子酒（珍品1000ml）,http://www.moutaichina.com/uploadfile/2016/0114/20160114062459722.jpg
茅台王子酒（珍品1000ml）,http://www.moutaichina.com/uploadfile/2016/0114/20160114062500572.jpg
茅台王子酒（珍品1000ml）,http://www.moutaichina.com/uploadfile/2016/0114/20160114062501331.jpg
茅台王子酒（珍品1000ml）,http://www.moutaichina.com/uploadfile/2016/0114/20160114062502500.jpg
茅台王子酒（珍品1000ml）,http://www.moutaichina.com/uploadfile/2016/0114/20160114062503593.jpg
茅台王子酒（珍品1000ml）,http://www.moutaichina.com/uploadfile/2016/0114/20160114062503752.jpg
茅台王子酒（珍品1000ml）,http://www.moutaichina.com/uploadfile/2016/0114/20160114062504893.jpg
茅台王子酒（珍品1000ml）,http://www.moutaichina.com/uploadfile/2016/0114/20160114062505854.jpg
茅台王子酒（尊贵）,http://www.moutaichina.com/uploadfile/2016/0114/20160114062641984.jpg
茅台王子酒（尊贵）,http://www.moutaichina.com/uploadfile/2016/0114/20160114062643191.jpg
茅台王子酒（尊贵）,http://www.moutaichina.com/uploadfile/2016/0114/20160114062644777.jpg
茅台王子酒（尊贵）,http://www.moutaichina.com/uploadfile/2016/0114/20160114062645982.jpg
茅台王子酒（尊贵）,http://www.moutaichina.com/uploadfile/2016/0114/20160114062645325.jpg
茅台王子酒（尊贵）,http://www.moutaichina.com/uploadfile/2016/0114/20160114062646145.jpg
茅台王子酒（尊贵）,http://www.moutaichina.com/uploadfile/2016/0114/20160114062647226.jpg
茅台王子酒（2*375ml）,http://www.moutaichina.com/uploadfile/2016/0114/20160114062755574.jpg
茅台王子酒（2*375ml）,http://www.moutaichina.com/uploadfile/2016/0114/20160114062756700.jpg
茅台王子酒（2*375ml）,http://www.moutaichina.com/uploadfile/2016/0114/20160114062757799.jpg
茅台王子酒（2*375ml）,http://www.moutaichina.com/uploadfile/2016/0114/20160114062758950.jpg
茅台王子酒（2*375ml）,http://www.moutaichina.com/uploadfile/2016/0114/20160114062758506.jpg
茅台王子酒（2*375ml）,http://www.moutaichina.com/uploadfile/2016/0114/20160114062759474.jpg
茅台王子酒（2*375ml）,http://www.moutaichina.com/uploadfile/2016/0114/20160114062800681.jpg
茅台王子酒（2*375ml）,http://www.moutaichina.com/uploadfile/2016/0114/20160114062801490.jpg
茅台王子酒（2*375ml）,http://www.moutaichina.com/uploadfile/2016/0114/20160114062801364.jpg
茅台王子酒（2*375ml）,http://www.moutaichina.com/uploadfile/2016/0114/20160114062803471.jpg
茅台王子酒（53度750毫升）,http://www.moutaichina.com/uploadfile/2016/0114/20160114062925776.jpg
茅台王子酒（53度750毫升）,http://www.moutaichina.com/uploadfile/2016/0114/20160114062927405.jpg
茅台王子酒（53度750毫升）,http://www.moutaichina.com/uploadfile/2016/0114/20160114062928225.jpg
茅台王子酒（53度750毫升）,http://www.moutaichina.com/uploadfile/2016/0114/20160114062929594.jpg
茅台王子酒（53度750毫升）,http://www.moutaichina.com/uploadfile/2016/0114/20160114062929217.jpg
茅台王子酒（53度750毫升）,http://www.moutaichina.com/uploadfile/2016/0114/20160114062931247.jpg
茅台王子酒（53度750毫升）,http://www.moutaichina.com/uploadfile/2016/0114/20160114062932473.jpg
茅台王子酒（53度750毫升）,http://www.moutaichina.com/uploadfile/2016/0114/20160114062933536.jpg
贵州茅台酒（庆祝北京申奥成功）,http://www.moutaichina.com/uploadfile/2016/0114/20160114111411948.jpg
贵州茅台酒（庆祝北京申奥成功）,http://www.moutaichina.com/uploadfile/2016/0114/20160114111412345.jpg
贵州茅台酒（庆祝北京申奥成功）,http://www.moutaichina.com/uploadfile/2016/0114/20160114111413877.jpg
贵州茅台酒（庆祝北京申奥成功）,http://www.moutaichina.com/uploadfile/2016/0114/20160114111414755.jpg
贵州茅台酒（庆祝北京申奥成功）,http://www.moutaichina.com/uploadfile/2016/0114/20160114111416840.jpg
贵州茅台酒（庆祝中国加入世贸组织）,http://www.moutaichina.com/uploadfile/2016/0114/20160114111512276.jpg
贵州茅台酒（庆祝中国加入世贸组织）,http://www.moutaichina.com/uploadfile/2016/0114/20160114111513839.jpg
贵州茅台酒（庆祝中国加入世贸组织）,http://www.moutaichina.com/uploadfile/2016/0114/20160114111514621.jpg
贵州茅台酒（庆祝中国加入世贸组织）,http://www.moutaichina.com/uploadfile/2016/0114/20160114111515390.jpg
贵州茅台酒（庆祝中国加入世贸组织）,http://www.moutaichina.com/uploadfile/2016/0114/20160114111516514.jpg
贵州茅台酒（奥运纪念酒）,http://www.moutaichina.com/uploadfile/2016/0114/20160114111629720.jpg
贵州茅台酒（奥运纪念酒）,http://www.moutaichina.com/uploadfile/2016/0114/20160114111630314.jpg
贵州茅台酒（奥运纪念酒）,http://www.moutaichina.com/uploadfile/2016/0114/20160114111631928.jpg
贵州茅台酒（奥运纪念酒）,http://www.moutaichina.com/uploadfile/2016/0114/20160114111632211.jpg
贵州茅台酒（奥运纪念酒）,http://www.moutaichina.com/uploadfile/2016/0114/20160114111633563.jpg
贵州茅台酒（奥运纪念酒）,http://www.moutaichina.com/uploadfile/2016/0114/20160114111634804.jpg
贵州茅台酒（奥运纪念酒）,http://www.moutaichina.com/uploadfile/2016/0114/20160114111636542.jpg
贵州茅台酒（奥运纪念酒）,http://www.moutaichina.com/uploadfile/2016/0114/20160114111637190.jpg
贵州茅台酒（世博纪念酒）,http://www.moutaichina.com/uploadfile/2016/0120/20160120100328884.jpg
贵州茅台酒（世博纪念酒）,http://www.moutaichina.com/uploadfile/2016/0120/20160120100328832.jpg
贵州茅台酒（世博纪念酒）,http://www.moutaichina.com/uploadfile/2016/0120/20160120100329304.jpg
贵州茅台酒（世博纪念酒）,http://www.moutaichina.com/uploadfile/2016/0120/20160120100329362.jpg
贵州茅台酒（世博纪念酒）,http://www.moutaichina.com/uploadfile/2016/0120/20160120100329796.jpg
贵州茅台酒（世博纪念酒）,http://www.moutaichina.com/uploadfile/2016/0120/20160120100329298.jpg
贵州茅台酒（世博纪念酒）,http://www.moutaichina.com/uploadfile/2016/0120/20160120100330609.jpg
贵州茅台酒（世博纪念酒）,http://www.moutaichina.com/uploadfile/2016/0120/20160120100330114.jpg
贵州茅台酒（世博纪念酒）,http://www.moutaichina.com/uploadfile/2016/0120/20160120100330369.jpg
贵州茅台酒（生肖酒-单支）,http://www.moutaichina.com/uploadfile/2016/0120/20160120100356247.jpg
贵州茅台酒（生肖酒-单支）,http://www.moutaichina.com/uploadfile/2016/0120/20160120100356770.jpg
贵州茅台酒（生肖酒-单支）,http://www.moutaichina.com/uploadfile/2016/0120/20160120100357767.jpg
贵州茅台酒（生肖酒-单支）,http://www.moutaichina.com/uploadfile/2016/0120/20160120100357150.jpg
贵州茅台酒（生肖酒-单支）,http://www.moutaichina.com/uploadfile/2016/0120/20160120100357366.jpg
贵州茅台酒（生肖酒-单支）,http://www.moutaichina.com/uploadfile/2016/0120/20160120100358996.jpg
贵州茅台酒（百年巨匠-张大千）,http://www.moutaichina.com/uploadfile/2016/0114/20160114112233685.jpg
贵州茅台酒（百年巨匠-张大千）,http://www.moutaichina.com/uploadfile/2016/0114/20160114112235342.jpg
贵州茅台酒（百年巨匠-张大千）,http://www.moutaichina.com/uploadfile/2016/0114/20160114112236700.jpg
贵州茅台酒（百年巨匠-张大千）,http://www.moutaichina.com/uploadfile/2016/0114/20160114112237520.jpg
贵州茅台酒（百年巨匠-张大千）,http://www.moutaichina.com/uploadfile/2016/0114/20160114112237938.jpg
贵州茅台酒（百年巨匠-张大千）,http://www.moutaichina.com/uploadfile/2016/0114/20160114112238128.jpg
贵州茅台酒（百年巨匠-张大千）,http://www.moutaichina.com/uploadfile/2016/0114/20160114112238267.jpg
贵州茅台酒（百年巨匠-张大千）,http://www.moutaichina.com/uploadfile/2016/0114/20160114112243799.jpg
贵州茅台酒（百年巨匠-张大千）,http://www.moutaichina.com/uploadfile/2016/0114/20160114112247867.jpg
贵州茅台酒（中国体育代表团庆功酒）,http://www.moutaichina.com/uploadfile/2016/0114/20160114112417344.jpg
贵州茅台酒（中国体育代表团庆功酒）,http://www.moutaichina.com/uploadfile/2016/0114/20160114112420883.jpg
贵州茅台酒（中国体育代表团庆功酒）,http://www.moutaichina.com/uploadfile/2016/0114/20160114112420457.jpg
贵州茅台酒（中国体育代表团庆功酒）,http://www.moutaichina.com/uploadfile/2016/0114/20160114112421398.jpg
贵州茅台酒（中国体育代表团庆功酒）,http://www.moutaichina.com/uploadfile/2016/0114/20160114112422197.jpg
贵州茅台酒（中国体育代表团庆功酒）,http://www.moutaichina.com/uploadfile/2016/0114/20160114112423319.jpg
贵州茅台酒（中国体育代表团庆功酒）,http://www.moutaichina.com/uploadfile/2016/0114/20160114112424697.jpg
世博纪念酒（世博喜酒）,http://www.moutaichina.com/uploadfile/2016/0114/20160114112627361.jpg
世博纪念酒（世博喜酒）,http://www.moutaichina.com/uploadfile/2016/0114/20160114112629941.jpg
世博纪念酒（世博喜酒）,http://www.moutaichina.com/uploadfile/2016/0114/20160114112630784.jpg
世博纪念酒（世博喜酒）,http://www.moutaichina.com/uploadfile/2016/0114/20160114112631416.jpg
世博纪念酒（世博喜酒）,http://www.moutaichina.com/uploadfile/2016/0114/20160114112632849.jpg
世博纪念酒（世博喜酒）,http://www.moutaichina.com/uploadfile/2016/0114/20160114112633467.jpg
世博纪念酒（世博喜酒）,http://www.moutaichina.com/uploadfile/2016/0114/20160114112634884.jpg
贵州茅台酒（世博-友谊使者）,http://www.moutaichina.com/uploadfile/2016/0114/20160114112814951.jpg
贵州茅台酒（世博-友谊使者）,http://www.moutaichina.com/uploadfile/2016/0114/20160114112818937.jpg
贵州茅台酒（世博-友谊使者）,http://www.moutaichina.com/uploadfile/2016/0114/20160114112820460.jpg
贵州茅台酒（纪念改革开放三十年）,http://www.moutaichina.com/uploadfile/2016/0114/20160114113116432.jpg
贵州茅台酒（纪念改革开放三十年）,http://www.moutaichina.com/uploadfile/2016/0114/20160114113118246.jpg
贵州茅台酒（纪念改革开放三十年）,http://www.moutaichina.com/uploadfile/2016/0114/20160114113119841.jpg
贵州茅台酒（纪念改革开放三十年）,http://www.moutaichina.com/uploadfile/2016/0114/20160114113120199.jpg
贵州茅台酒（纪念改革开放三十年）,http://www.moutaichina.com/uploadfile/2016/0114/20160114113121674.jpg
贵州茅台酒（纪念改革开放三十年）,http://www.moutaichina.com/uploadfile/2016/0114/20160114113122305.jpg
贵州茅台酒（纪念改革开放三十年）,http://www.moutaichina.com/uploadfile/2016/0114/20160114113123122.jpg
贵州茅台酒（纪念改革开放三十年新）,http://www.moutaichina.com/uploadfile/2016/0114/20160114113247178.jpg
贵州茅台酒（纪念改革开放三十年新）,http://www.moutaichina.com/uploadfile/2016/0114/20160114113250821.jpg
贵州茅台酒（纪念改革开放三十年新）,http://www.moutaichina.com/uploadfile/2016/0114/20160114113251705.jpg
贵州茅台酒（纪念改革开放三十年新）,http://www.moutaichina.com/uploadfile/2016/0114/20160114113253664.jpg
贵州茅台酒（金奖纪念）,http://www.moutaichina.com/uploadfile/2016/0114/20160114113402235.jpg
贵州茅台酒（金奖纪念）,http://www.moutaichina.com/uploadfile/2016/0114/20160114113404849.jpg
贵州茅台酒（金奖纪念）,http://www.moutaichina.com/uploadfile/2016/0114/20160114113405952.jpg
贵州茅台酒（金奖纪念）,http://www.moutaichina.com/uploadfile/2016/0114/20160114113406374.jpg
贵州茅台酒（金奖纪念）,http://www.moutaichina.com/uploadfile/2016/0114/20160114113407998.jpg
贵州茅台酒（金奖纪念）,http://www.moutaichina.com/uploadfile/2016/0114/20160114113408888.jpg
贵州茅台酒（金奖纪念）,http://www.moutaichina.com/uploadfile/2016/0114/20160114113409913.jpg
贵州茅台酒（国酒书画院用酒500ml）,http://www.moutaichina.com/uploadfile/2016/0114/20160114032601652.jpg
贵州茅台酒（国酒书画院用酒500ml）,http://www.moutaichina.com/uploadfile/2016/0114/20160114032602967.jpg
贵州茅台酒（国酒书画院用酒500ml）,http://www.moutaichina.com/uploadfile/2016/0114/20160114032604981.jpg
贵州茅台酒（国酒书画院用酒500ml）,http://www.moutaichina.com/uploadfile/2016/0114/20160114032605855.jpg
贵州茅台酒（国酒书画院用酒500ml）,http://www.moutaichina.com/uploadfile/2016/0114/20160114032606500.jpg
贵州茅台酒（国酒书画院用酒500ml）,http://www.moutaichina.com/uploadfile/2016/0114/20160114032608579.jpg
贵州茅台酒（国酒书画院用酒500ml）,http://www.moutaichina.com/uploadfile/2016/0114/20160114032611841.jpg
贵州茅台酒（光辉历程500ml),http://www.moutaichina.com/uploadfile/2016/0114/20160114050101686.jpg
贵州茅台酒（光辉历程500ml),http://www.moutaichina.com/uploadfile/2016/0114/20160114050102215.jpg
贵州茅台酒（光辉历程500ml),http://www.moutaichina.com/uploadfile/2016/0114/20160114050104305.jpg
贵州茅台酒（光辉历程500ml),http://www.moutaichina.com/uploadfile/2016/0114/20160114050106281.jpg
贵州茅台酒（光辉历程500ml),http://www.moutaichina.com/uploadfile/2016/0114/20160114050108590.jpg
贵州茅台酒（世界杯纪念酒）,http://www.moutaichina.com/uploadfile/2016/0114/20160114050223574.jpg
贵州茅台酒（世界杯纪念酒）,http://www.moutaichina.com/uploadfile/2016/0114/20160114050225288.jpg
贵州茅台酒（世界杯纪念酒）,http://www.moutaichina.com/uploadfile/2016/0114/20160114050226828.jpg
贵州茅台酒（世界杯纪念酒）,http://www.moutaichina.com/uploadfile/2016/0114/20160114050227120.jpg
贵州茅台酒（世界杯纪念酒）,http://www.moutaichina.com/uploadfile/2016/0114/20160114050228905.jpg
贵州茅台酒（世界杯纪念酒）,http://www.moutaichina.com/uploadfile/2016/0114/20160114050230506.jpg
贵州茅台酒（世界杯纪念酒）,http://www.moutaichina.com/uploadfile/2016/0114/20160114050231341.jpg
贵州茅台酒（世界杯纪念酒）,http://www.moutaichina.com/uploadfile/2016/0114/20160114050233187.jpg
贵州茅台酒（成龙酒-珍藏版）,http://www.moutaichina.com/uploadfile/2016/0114/20160114050442751.jpg
贵州茅台酒（成龙酒-珍藏版）,http://www.moutaichina.com/uploadfile/2016/0114/20160114050443251.jpg
贵州茅台酒（成龙酒-珍藏版）,http://www.moutaichina.com/uploadfile/2016/0114/20160114050444490.jpg
贵州茅台酒（成龙酒-珍藏版）,http://www.moutaichina.com/uploadfile/2016/0114/20160114050445351.jpg
贵州茅台酒（成龙酒-珍藏版）,http://www.moutaichina.com/uploadfile/2016/0114/20160114050446248.jpg
贵州茅台酒（成龙酒-珍藏版）,http://www.moutaichina.com/uploadfile/2016/0114/20160114050447660.jpg
贵州茅台酒（成龙酒-珍藏版）,http://www.moutaichina.com/uploadfile/2016/0114/20160114050448416.jpg
贵州茅台酒（成龙酒-珍藏版）,http://www.moutaichina.com/uploadfile/2016/0114/20160114050451822.jpg
贵州茅台酒（鸟巢特制）,http://www.moutaichina.com/uploadfile/2016/0114/20160114051310114.jpg
贵州茅台酒（鸟巢特制）,http://www.moutaichina.com/uploadfile/2016/0114/20160114051312343.jpg
贵州茅台酒（园博会花卉系列）,http://www.moutaichina.com/uploadfile/2016/0114/20160114051024801.jpg
贵州茅台酒（园博会花卉系列）,http://www.moutaichina.com/uploadfile/2016/0114/20160114051026533.jpg
贵州茅台酒（园博会花卉系列）,http://www.moutaichina.com/uploadfile/2016/0114/20160114051027798.jpg
贵州茅台酒（园博会花卉系列）,http://www.moutaichina.com/uploadfile/2016/0114/20160114051028987.jpg
贵州茅台酒（园博会花卉系列）,http://www.moutaichina.com/uploadfile/2016/0114/20160114051030444.jpg
贵州茅台酒（园博会花卉系列）,http://www.moutaichina.com/uploadfile/2016/0114/20160114051031403.jpg
贵州茅台酒（园博会花卉系列）,http://www.moutaichina.com/uploadfile/2016/0114/20160114051033947.jpg
贵州茅台酒（园博会花卉系列）,http://www.moutaichina.com/uploadfile/2016/0114/20160114051034608.jpg
贵州茅台酒（园博会花卉系列）,http://www.moutaichina.com/uploadfile/2016/0114/20160114051036991.jpg
贵州茅台酒（园博会花卉系列）,http://www.moutaichina.com/uploadfile/2016/0114/20160114051039121.jpg
贵州茅台酒（敬献一代名将珍藏版）,http://www.moutaichina.com/uploadfile/2016/0114/20160114051601415.jpg
贵州茅台酒（敬献一代名将珍藏版）,http://www.moutaichina.com/uploadfile/2016/0114/20160114051604238.jpg
贵州茅台酒（敬献一代名将珍藏版）,http://www.moutaichina.com/uploadfile/2016/0114/20160114051605910.jpg
贵州茅台酒（敬献一代名将珍藏版）,http://www.moutaichina.com/uploadfile/2016/0114/20160114051606784.jpg
贵州茅台酒（敬献一代名将珍藏版）,http://www.moutaichina.com/uploadfile/2016/0114/20160114051607297.jpg
贵州茅台酒（敬献一代名将珍藏版）,http://www.moutaichina.com/uploadfile/2016/0114/20160114051609698.jpg
贵州茅台酒（敬献一代名将珍藏版）,http://www.moutaichina.com/uploadfile/2016/0114/20160114051609429.jpg
贵州茅台酒（敬献一代名将珍藏版）,http://www.moutaichina.com/uploadfile/2016/0114/20160114051610554.jpg
贵州茅台酒（敬献一代名将珍藏版）,http://www.moutaichina.com/uploadfile/2016/0114/20160114051610715.jpg
贵州茅台酒（香港回归10周年纪念酒）,http://www.moutaichina.com/uploadfile/2016/0114/20160114051814996.jpg
贵州茅台酒（香港回归10周年纪念酒）,http://www.moutaichina.com/uploadfile/2016/0114/20160114051816575.jpg
贵州茅台酒（香港回归10周年纪念酒）,http://www.moutaichina.com/uploadfile/2016/0114/20160114051817494.jpg
贵州茅台酒（香港回归10周年纪念酒）,http://www.moutaichina.com/uploadfile/2016/0114/20160114051818688.jpg
贵州茅台酒（香港回归10周年纪念酒）,http://www.moutaichina.com/uploadfile/2016/0114/20160114051819703.jpg
贵州茅台酒（香港回归10周年纪念酒）,http://www.moutaichina.com/uploadfile/2016/0114/20160114051820319.jpg
贵州茅台酒（香港回归10周年纪念酒）,http://www.moutaichina.com/uploadfile/2016/0114/20160114051821744.jpg
贵州茅台酒（香港回归10周年纪念酒）,http://www.moutaichina.com/uploadfile/2016/0114/20160114051822146.jpg
贵州茅台酒（纪念澳门回归10周年）,http://www.moutaichina.com/uploadfile/2016/0114/20160114052156524.jpg
贵州茅台酒（纪念澳门回归10周年）,http://www.moutaichina.com/uploadfile/2016/0114/20160114052159797.jpg
贵州茅台酒（纪念澳门回归10周年）,http://www.moutaichina.com/uploadfile/2016/0114/20160114052200683.jpg
贵州茅台酒（纪念澳门回归10周年）,http://www.moutaichina.com/uploadfile/2016/0114/20160114052202410.jpg
贵州茅台酒（纪念澳门回归10周年）,http://www.moutaichina.com/uploadfile/2016/0114/20160114052203296.jpg
贵州茅台酒（纪念澳门回归10周年）,http://www.moutaichina.com/uploadfile/2016/0114/20160114052205475.jpg
贵州茅台酒（纪念澳门回归10周年）,http://www.moutaichina.com/uploadfile/2016/0114/20160114052207678.jpg
贵州茅台酒（纪念澳门回归10周年）,http://www.moutaichina.com/uploadfile/2016/0114/20160114052209598.jpg
贵州茅台酒（纪念澳门回归10周年）,http://www.moutaichina.com/uploadfile/2016/0114/20160114052210885.jpg
贵州茅台酒（纪念澳门回归10周年）,http://www.moutaichina.com/uploadfile/2016/0114/20160114052212330.jpg
贵州茅台酒（上海世博会专制）,http://www.moutaichina.com/uploadfile/2016/0114/20160114052638406.jpg
贵州茅台酒（上海世博会专制）,http://www.moutaichina.com/uploadfile/2016/0114/20160114052640617.jpg
贵州茅台酒（上海世博会专制）,http://www.moutaichina.com/uploadfile/2016/0114/20160114052642200.jpg
贵州茅台酒（上海世博会专制）,http://www.moutaichina.com/uploadfile/2016/0114/20160114052644351.jpg
贵州茅台酒（西安园博会）,http://www.moutaichina.com/uploadfile/2016/0114/20160114052740338.jpg
贵州茅台酒（西安园博会）,http://www.moutaichina.com/uploadfile/2016/0114/20160114052742486.jpg
贵州茅台酒（西安园博会）,http://www.moutaichina.com/uploadfile/2016/0114/20160114052743494.jpg
贵州茅台酒（西安园博会）,http://www.moutaichina.com/uploadfile/2016/0114/20160114052744978.jpg
贵州茅台酒（中国国家博物馆）,http://www.moutaichina.com/uploadfile/2016/0120/20160120100517497.jpg
贵州茅台酒（中国国家博物馆）,http://www.moutaichina.com/uploadfile/2016/0120/20160120100517406.jpg
贵州茅台酒（中国国家博物馆）,http://www.moutaichina.com/uploadfile/2016/0120/20160120100517478.jpg
贵州茅台酒（中国国家博物馆）,http://www.moutaichina.com/uploadfile/2016/0120/20160120100518899.jpg
贵州茅台酒（中国国家博物馆）,http://www.moutaichina.com/uploadfile/2016/0120/20160120100518583.jpg
贵州茅台酒（孔子纪念酒）,http://www.moutaichina.com/uploadfile/2016/0120/20160120100537793.jpg
贵州茅台酒（孔子纪念酒）,http://www.moutaichina.com/uploadfile/2016/0120/20160120100537235.jpg
贵州茅台酒（孔子纪念酒）,http://www.moutaichina.com/uploadfile/2016/0120/20160120100538121.jpg
贵州茅台酒（金奖百年纪念）,http://www.moutaichina.com/uploadfile/2016/0120/20160120100605662.jpg
贵州茅台酒（金奖百年纪念）,http://www.moutaichina.com/uploadfile/2016/0120/20160120100605192.jpg
贵州茅台酒（金奖百年纪念）,http://www.moutaichina.com/uploadfile/2016/0120/20160120100605756.jpg
贵州茅台酒（金奖百年纪念）,http://www.moutaichina.com/uploadfile/2016/0120/20160120100606712.jpg
贵州茅台酒（金奖百年纪念）,http://www.moutaichina.com/uploadfile/2016/0120/20160120100606745.jpg
贵州茅台酒（金奖百年纪念）,http://www.moutaichina.com/uploadfile/2016/0120/20160120100606702.jpg
贵州茅台酒（毛泽东诞辰120周年诗词纪念酒?长征）,http://www.moutaichina.com/uploadfile/2016/0120/20160120100641878.jpg
贵州茅台酒（毛泽东诞辰120周年诗词纪念酒?长征）,http://www.moutaichina.com/uploadfile/2016/0120/20160120100641312.jpg
贵州茅台酒（毛泽东诞辰120周年诗词纪念酒?沁园春雪）,http://www.moutaichina.com/uploadfile/2016/0120/20160120100702859.jpg
贵州茅台酒（毛泽东诞辰120周年诗词纪念酒?沁园春雪）,http://www.moutaichina.com/uploadfile/2016/0120/20160120100703811.jpg
贵州茅台酒（生肖纪念之马）,http://www.moutaichina.com/uploadfile/2016/0120/20160120100855382.jpg
贵州茅台酒（生肖纪念之马）,http://www.moutaichina.com/uploadfile/2016/0120/20160120100855954.jpg
贵州茅台酒（生肖纪念之马）,http://www.moutaichina.com/uploadfile/2016/0120/20160120100856983.jpg
贵州茅台酒（生肖纪念之马）,http://www.moutaichina.com/uploadfile/2016/0120/20160120100856811.jpg
贵州茅台酒（生肖纪念之马）,http://www.moutaichina.com/uploadfile/2016/0120/20160120100856726.jpg
贵州茅台酒（生肖纪念之马）,http://www.moutaichina.com/uploadfile/2016/0120/20160120100857623.jpg
贵州茅台酒（百年金奖传奇）,http://www.moutaichina.com/uploadfile/2016/0120/20160120100929543.jpg
贵州茅台酒（百年金奖传奇）,http://www.moutaichina.com/uploadfile/2016/0120/20160120100929902.jpg
贵州茅台酒（百年金奖传奇）,http://www.moutaichina.com/uploadfile/2016/0120/20160120100930269.jpg
贵州茅台酒（百年金奖传奇）,http://www.moutaichina.com/uploadfile/2016/0120/20160120100930722.jpg
贵州茅台酒（百年金奖传奇）,http://www.moutaichina.com/uploadfile/2016/0120/20160120100930303.jpg
贵州茅台酒（百年金奖传奇）,http://www.moutaichina.com/uploadfile/2016/0120/20160120100931924.jpg
贵州茅台酒（甲午马年生肖纪念）,http://www.moutaichina.com/uploadfile/2016/0120/20160120101008280.jpg
贵州茅台酒（甲午马年生肖纪念）,http://www.moutaichina.com/uploadfile/2016/0120/20160120101009132.jpg
贵州茅台酒（甲午马年生肖纪念）,http://www.moutaichina.com/uploadfile/2016/0120/20160120101009719.jpg
贵州茅台酒（甲午马年生肖纪念）,http://www.moutaichina.com/uploadfile/2016/0120/20160120101009465.jpg
贵州茅台酒（甲午马年生肖纪念）,http://www.moutaichina.com/uploadfile/2016/0120/20160120101009197.jpg
贵州茅台酒（乙未羊年生肖纪念）,http://www.moutaichina.com/uploadfile/2016/0120/20160120101036264.jpg
贵州茅台酒（乙未羊年生肖纪念）,http://www.moutaichina.com/uploadfile/2016/0120/20160120101036995.jpg
贵州茅台酒（乙未羊年生肖纪念）,http://www.moutaichina.com/uploadfile/2016/0120/20160120101036790.jpg
贵州茅台酒（乙未羊年生肖纪念）,http://www.moutaichina.com/uploadfile/2016/0120/20160120101037346.jpg
贵州茅台酒（乙未羊年生肖纪念）,http://www.moutaichina.com/uploadfile/2016/0120/20160120101037683.jpg
贵州茅台酒（金奖百年10斤坛装）,http://www.moutaichina.com/uploadfile/2016/0120/20160120100022447.jpg
贵州茅台酒（金奖百年10斤坛装）,http://www.moutaichina.com/uploadfile/2016/0120/20160120100023607.jpg
贵州茅台酒（金奖百年60斤坛装）,http://www.moutaichina.com/uploadfile/2016/0120/20160120100053770.jpg
贵州茅台酒（金奖百年60斤坛装）,http://www.moutaichina.com/uploadfile/2016/0120/20160120100054174.jpg
贵州茅台酒（金奖百年60斤坛装）,http://www.moutaichina.com/uploadfile/2016/0120/20160120100054810.jpg
贵州茅台酒（金奖百年60斤坛装）,http://www.moutaichina.com/uploadfile/2016/0120/20160120100054243.jpg
贵州茅台酒（金奖百年60斤坛装）,http://www.moutaichina.com/uploadfile/2016/0120/20160120100054653.jpg
贵州茅台酒（纸珍）,http://www.moutaichina.com/uploadfile/2016/0113/20160113054439662.jpg
贵州茅台酒（纸珍）,http://www.moutaichina.com/uploadfile/2016/0113/20160113054440199.jpg
贵州茅台酒（纸珍）,http://www.moutaichina.com/uploadfile/2016/0113/20160113054440842.jpg
贵州茅台酒（纸珍）,http://www.moutaichina.com/uploadfile/2016/0113/20160113054441305.jpg
贵州茅台酒（纸珍）,http://www.moutaichina.com/uploadfile/2016/0113/20160113054442606.jpg
贵州茅台酒（纸珍）,http://www.moutaichina.com/uploadfile/2016/0113/20160113054444122.jpg
贵州茅台酒（大木珍）,http://www.moutaichina.com/uploadfile/2016/0113/20160113054621758.jpg
贵州茅台酒（大木珍）,http://www.moutaichina.com/uploadfile/2016/0113/20160113054625466.jpg
贵州茅台酒（大木珍）,http://www.moutaichina.com/uploadfile/2016/0113/20160113054626968.jpg
贵州茅台酒（大木珍）,http://www.moutaichina.com/uploadfile/2016/0113/20160113054628907.jpg
贵州茅台酒（大木珍）,http://www.moutaichina.com/uploadfile/2016/0113/20160113054629800.jpg
贵州茅台酒（大木珍）,http://www.moutaichina.com/uploadfile/2016/0113/20160113054632964.jpg
贵州茅台酒（盛世国藏）,http://www.moutaichina.com/uploadfile/2016/0113/20160113055128269.jpg
贵州茅台酒（盛世国藏）,http://www.moutaichina.com/uploadfile/2016/0113/20160113055131770.jpg
贵州茅台酒（盛世国藏）,http://www.moutaichina.com/uploadfile/2016/0113/20160113055132745.jpg
贵州茅台酒（盛世国藏）,http://www.moutaichina.com/uploadfile/2016/0113/20160113055133305.jpg
贵州茅台酒（盛世国藏）,http://www.moutaichina.com/uploadfile/2016/0113/20160113055134556.jpg
贵州茅台酒（盛世国藏）,http://www.moutaichina.com/uploadfile/2016/0113/20160113055135622.jpg
贵州茅台酒（盛世国藏）,http://www.moutaichina.com/uploadfile/2016/0113/20160113055136495.jpg
贵州茅台酒（盛世国藏）,http://www.moutaichina.com/uploadfile/2016/0113/20160113055137296.jpg
贵州茅台酒（世纪经典）,http://www.moutaichina.com/uploadfile/2016/0113/20160113055640344.jpg
贵州茅台酒（世纪经典）,http://www.moutaichina.com/uploadfile/2016/0113/20160113055643940.jpg
贵州茅台酒（世纪经典）,http://www.moutaichina.com/uploadfile/2016/0113/20160113055644850.jpg
贵州茅台酒（世纪经典）,http://www.moutaichina.com/uploadfile/2016/0113/20160113055645732.jpg
贵州茅台酒（世纪经典）,http://www.moutaichina.com/uploadfile/2016/0113/20160113055647427.jpg
贵州茅台酒（世纪经典）,http://www.moutaichina.com/uploadfile/2016/0113/20160113055648869.jpg
贵州茅台酒(1680),http://www.moutaichina.com/uploadfile/2016/0120/20160120101215600.jpg
贵州茅台酒(1680),http://www.moutaichina.com/uploadfile/2016/0120/20160120101215702.jpg
贵州茅台酒(1680),http://www.moutaichina.com/uploadfile/2016/0120/20160120101216809.jpg
贵州茅台酒(1680),http://www.moutaichina.com/uploadfile/2016/0120/20160120101216540.jpg
贵州茅台酒(1680),http://www.moutaichina.com/uploadfile/2016/0120/20160120101216982.jpg
贵州茅台酒（豪华装绛色）,http://www.moutaichina.com/uploadfile/2016/0120/20160120101324784.jpg
贵州茅台酒（豪华装绛色）,http://www.moutaichina.com/uploadfile/2016/0120/20160120101324672.jpg
贵州茅台酒（豪华装绛色）,http://www.moutaichina.com/uploadfile/2016/0120/20160120101325531.jpg
贵州茅台酒（豪华装绛色）,http://www.moutaichina.com/uploadfile/2016/0120/20160120101325867.jpg
贵州茅台酒（豪华装绛色）,http://www.moutaichina.com/uploadfile/2016/0120/20160120101325620.jpg
贵州茅台酒（豪华装绛色）,http://www.moutaichina.com/uploadfile/2016/0120/20160120101325801.jpg
贵州茅台酒（豪华装绛色）,http://www.moutaichina.com/uploadfile/2016/0120/20160120101326705.jpg
贵州茅台酒（豪华装绛色）,http://www.moutaichina.com/uploadfile/2016/0120/20160120101326255.jpg
贵州茅台酒（典藏）,http://www.moutaichina.com/uploadfile/2016/0113/20160113060754555.jpg
贵州茅台酒（典藏）,http://www.moutaichina.com/uploadfile/2016/0113/20160113060756158.jpg
贵州茅台酒（典藏）,http://www.moutaichina.com/uploadfile/2016/0113/20160113060759171.jpg
贵州茅台酒（典藏）,http://www.moutaichina.com/uploadfile/2016/0113/20160113060801519.jpg
贵州茅台酒（典藏）,http://www.moutaichina.com/uploadfile/2016/0113/20160113060802226.jpg
贵州茅台酒（典藏）,http://www.moutaichina.com/uploadfile/2016/0113/20160113060804977.jpg
贵州茅台酒（中国龙）,http://www.moutaichina.com/uploadfile/2016/0113/20160113060621253.jpg
贵州茅台酒（中国龙）,http://www.moutaichina.com/uploadfile/2016/0113/20160113060623408.jpg
贵州茅台酒（中国龙）,http://www.moutaichina.com/uploadfile/2016/0113/20160113060625660.jpg
贵州茅台酒（中国龙）,http://www.moutaichina.com/uploadfile/2016/0113/20160113060626999.jpg
贵州茅台酒（中国龙）,http://www.moutaichina.com/uploadfile/2016/0113/20160113060627315.jpg
贵州茅台酒（中国龙）,http://www.moutaichina.com/uploadfile/2016/0113/20160113060629236.jpg
贵州茅台酒（文化研究会专用酒单支精品）,http://www.moutaichina.com/uploadfile/2016/0113/20160113061244223.jpg
贵州茅台酒（文化研究会专用酒单支精品）,http://www.moutaichina.com/uploadfile/2016/0113/20160113061249231.jpg
贵州茅台酒（文化研究会专用酒单支精品）,http://www.moutaichina.com/uploadfile/2016/0113/20160113061251189.jpg
贵州茅台酒（文化研究会专用酒单支精品）,http://www.moutaichina.com/uploadfile/2016/0113/20160113061252747.jpg
贵州茅台酒（文化研究会专用酒单支精品）,http://www.moutaichina.com/uploadfile/2016/0113/20160113061253877.jpg
贵州茅台酒（文化研究会专用酒单支精品）,http://www.moutaichina.com/uploadfile/2016/0113/20160113061254799.jpg
贵州茅台酒（文化研究会专用酒单支精品）,http://www.moutaichina.com/uploadfile/2016/0113/20160113061255115.jpg
贵州茅台酒（文化研究会专用酒单支精品）,http://www.moutaichina.com/uploadfile/2016/0113/20160113061256165.jpg
贵州茅台酒（文化研究会专用酒单支精品）,http://www.moutaichina.com/uploadfile/2016/0113/20160113061257531.jpg
贵州茅台酒（文化研究会专用酒单支礼盒）,http://www.moutaichina.com/uploadfile/2016/0113/20160113062215403.jpg
贵州茅台酒（文化研究会专用酒单支礼盒）,http://www.moutaichina.com/uploadfile/2016/0113/20160113062215997.jpg
贵州茅台酒（文化研究会专用酒单支礼盒）,http://www.moutaichina.com/uploadfile/2016/0113/20160113062216374.jpg
贵州茅台酒（文化研究会专用酒单支礼盒）,http://www.moutaichina.com/uploadfile/2016/0113/20160113062216103.jpg
贵州茅台酒（文化研究会专用酒单支礼盒）,http://www.moutaichina.com/uploadfile/2016/0113/20160113062217627.jpg
贵州茅台酒（文化研究会专用酒单支礼盒）,http://www.moutaichina.com/uploadfile/2016/0113/20160113062217707.jpg
贵州茅台酒（文化研究会专用酒单支礼盒）,http://www.moutaichina.com/uploadfile/2016/0113/20160113062218173.jpg
贵州茅台酒（文化研究会专用酒单支礼盒）,http://www.moutaichina.com/uploadfile/2016/0113/20160113062219570.jpg
贵州茅台酒（文化研究会专用酒单支礼盒）,http://www.moutaichina.com/uploadfile/2016/0113/20160113062220386.jpg
贵州茅台酒（文化研究会专用酒双支礼盒）,http://www.moutaichina.com/uploadfile/2016/0120/20160120101428481.jpg
贵州茅台酒（文化研究会专用酒双支礼盒）,http://www.moutaichina.com/uploadfile/2016/0120/20160120101428445.jpg
贵州茅台酒（文化研究会专用酒双支礼盒）,http://www.moutaichina.com/uploadfile/2016/0120/20160120101428937.jpg
贵州茅台酒（文化研究会专用酒双支礼盒）,http://www.moutaichina.com/uploadfile/2016/0120/20160120101428710.jpg
贵州茅台酒（文化研究会专用酒双支礼盒）,http://www.moutaichina.com/uploadfile/2016/0120/20160120101429527.jpg
贵州茅台酒（文化研究会专用酒双支礼盒）,http://www.moutaichina.com/uploadfile/2016/0120/20160120101429775.jpg
贵州茅台酒（文化研究会专用酒双支礼盒）,http://www.moutaichina.com/uploadfile/2016/0120/20160120101429936.jpg
贵州茅台酒（文化研究会专用酒双支礼盒）,http://www.moutaichina.com/uploadfile/2016/0120/20160120101430304.jpg
贵州茅台酒（文化研究会专用酒双支礼盒）,http://www.moutaichina.com/uploadfile/2016/0120/20160120101430684.jpg
贵州茅台酒（园博会文化系列礼盒）,http://www.moutaichina.com/uploadfile/2016/0113/20160113062924940.jpg
贵州茅台酒（园博会文化系列礼盒）,http://www.moutaichina.com/uploadfile/2016/0113/20160113062926947.jpg
贵州茅台酒（园博会文化系列礼盒）,http://www.moutaichina.com/uploadfile/2016/0113/20160113062928430.jpg
贵州茅台酒（园博会文化系列礼盒）,http://www.moutaichina.com/uploadfile/2016/0113/20160113062928808.jpg
贵州茅台酒（园博会文化系列礼盒）,http://www.moutaichina.com/uploadfile/2016/0113/20160113062930571.jpg
贵州茅台酒（园博会文化系列礼盒）,http://www.moutaichina.com/uploadfile/2016/0113/20160113062931553.jpg
贵州茅台酒（四套装）,http://www.moutaichina.com/uploadfile/2016/0114/20160114072954115.jpg
贵州茅台酒（四套装）,http://www.moutaichina.com/uploadfile/2016/0114/20160114072957306.jpg
贵州茅台酒（四套装）,http://www.moutaichina.com/uploadfile/2016/0114/20160114072958126.jpg
贵州茅台酒（世纪经典-新）,http://www.moutaichina.com/uploadfile/2016/0113/20160113063525887.jpg
贵州茅台酒（世纪经典-新）,http://www.moutaichina.com/uploadfile/2016/0113/20160113063527542.jpg
贵州茅台酒（世纪经典-新）,http://www.moutaichina.com/uploadfile/2016/0113/20160113063529193.jpg
贵州茅台酒（世纪经典-新）,http://www.moutaichina.com/uploadfile/2016/0113/20160113063530388.jpg
贵州茅台酒（世纪经典-新）,http://www.moutaichina.com/uploadfile/2016/0113/20160113063532636.jpg
贵州茅台酒（世纪经典-新）,http://www.moutaichina.com/uploadfile/2016/0113/20160113063536913.jpg
贵州茅台酒（世纪经典-新）,http://www.moutaichina.com/uploadfile/2016/0113/20160113063538111.jpg
贵州茅台酒（浮雕木珍）,http://www.moutaichina.com/uploadfile/2016/0113/20160113063838556.jpg
贵州茅台酒（浮雕木珍）,http://www.moutaichina.com/uploadfile/2016/0113/20160113063840412.jpg
贵州茅台酒（浮雕木珍）,http://www.moutaichina.com/uploadfile/2016/0113/20160113063841282.jpg
贵州茅台酒（浮雕木珍）,http://www.moutaichina.com/uploadfile/2016/0113/20160113063842375.jpg
贵州茅台酒（浮雕木珍）,http://www.moutaichina.com/uploadfile/2016/0113/20160113063843394.jpg
贵州茅台酒（浮雕木珍）,http://www.moutaichina.com/uploadfile/2016/0113/20160113063844997.jpg
贵州茅台酒（浮雕木珍）,http://www.moutaichina.com/uploadfile/2016/0113/20160113063845468.jpg
贵州茅台酒（小号木珍）,http://www.moutaichina.com/uploadfile/2016/0113/20160113064043347.jpg
贵州茅台酒（小号木珍）,http://www.moutaichina.com/uploadfile/2016/0113/20160113064045834.jpg
贵州茅台酒（小号木珍）,http://www.moutaichina.com/uploadfile/2016/0113/20160113064046227.jpg
贵州茅台酒（小号木珍）,http://www.moutaichina.com/uploadfile/2016/0113/20160113064047405.jpg
贵州茅台酒（小号木珍）,http://www.moutaichina.com/uploadfile/2016/0113/20160113064051282.jpg
贵州茅台酒（小号木珍）,http://www.moutaichina.com/uploadfile/2016/0113/20160113064055332.jpg
贵州茅台酒（珍品）,http://www.moutaichina.com/uploadfile/2016/0113/20160113064937276.jpg
贵州茅台酒（珍品）,http://www.moutaichina.com/uploadfile/2016/0113/20160113064938522.jpg
贵州茅台酒（珍品）,http://www.moutaichina.com/uploadfile/2016/0113/20160113064939500.jpg
贵州茅台酒（珍品）,http://www.moutaichina.com/uploadfile/2016/0113/20160113064940986.jpg
贵州茅台酒（珍品）,http://www.moutaichina.com/uploadfile/2016/0113/20160113064941461.jpg
贵州茅台酒（珍品）,http://www.moutaichina.com/uploadfile/2016/0113/20160113064942326.jpg
贵州茅台酒（珍品）,http://www.moutaichina.com/uploadfile/2016/0113/20160113064943168.jpg
贵州茅台酒（紫砂纸珍）,http://www.moutaichina.com/uploadfile/2016/0113/20160113064827487.jpg
贵州茅台酒（紫砂纸珍）,http://www.moutaichina.com/uploadfile/2016/0113/20160113064830837.jpg
贵州茅台酒（紫砂纸珍）,http://www.moutaichina.com/uploadfile/2016/0113/20160113064831730.jpg
贵州茅台酒（紫砂纸珍）,http://www.moutaichina.com/uploadfile/2016/0113/20160113064832905.jpg
贵州茅台酒（紫砂纸珍）,http://www.moutaichina.com/uploadfile/2016/0113/20160113064833595.jpg
贵州茅台酒（紫砂纸珍）,http://www.moutaichina.com/uploadfile/2016/0113/20160113064834704.jpg
贵州茅台酒（紫砂纸珍）,http://www.moutaichina.com/uploadfile/2016/0113/20160113064835335.jpg
贵州茅台酒（紫砂纸珍）,http://www.moutaichina.com/uploadfile/2016/0113/20160113064839764.jpg
贵州茅台酒（珍品50ml）,http://www.moutaichina.com/uploadfile/2016/0113/20160113065122607.jpg
贵州茅台酒（珍品50ml）,http://www.moutaichina.com/uploadfile/2016/0113/20160113065124771.jpg
贵州茅台酒（珍品50ml）,http://www.moutaichina.com/uploadfile/2016/0113/20160113065125699.jpg
贵州茅台酒（珍品50ml）,http://www.moutaichina.com/uploadfile/2016/0113/20160113065127278.jpg
贵州茅台酒（珍品50ml）,http://www.moutaichina.com/uploadfile/2016/0113/20160113065128140.jpg
贵州茅台酒（珍品50ml）,http://www.moutaichina.com/uploadfile/2016/0113/20160113065130725.jpg
贵州茅台酒（珍品50ml）,http://www.moutaichina.com/uploadfile/2016/0113/20160113065132568.jpg
贵州茅台酒（二套盒装）,http://www.moutaichina.com/uploadfile/2016/0120/20160120101501515.jpg
贵州茅台酒（二套盒装）,http://www.moutaichina.com/uploadfile/2016/0120/20160120101501219.jpg
贵州茅台酒（二套盒装）,http://www.moutaichina.com/uploadfile/2016/0120/20160120101501519.jpg
贵州茅台酒（中国龙-国尊九龙）,http://www.moutaichina.com/uploadfile/2016/0118/20160118102753818.jpg
贵州茅台酒（中国龙-国尊九龙）,http://www.moutaichina.com/uploadfile/2016/0118/20160118102755306.jpg
贵州茅台酒（中国龙-国尊九龙）,http://www.moutaichina.com/uploadfile/2016/0118/20160118102759868.jpg
贵州茅台酒（中国龙-国尊九龙）,http://www.moutaichina.com/uploadfile/2016/0118/20160118102801319.jpg
贵州茅台酒（中国龙-清龙）,http://www.moutaichina.com/uploadfile/2016/0118/20160118102914151.jpg
贵州茅台酒（中国龙-清龙）,http://www.moutaichina.com/uploadfile/2016/0118/20160118102916824.jpg
贵州茅台酒（中国龙-清龙）,http://www.moutaichina.com/uploadfile/2016/0118/20160118102917324.jpg
贵州茅台酒（中国龙-清龙）,http://www.moutaichina.com/uploadfile/2016/0118/20160118102918242.jpg
贵州茅台酒（中国龙-清龙）,http://www.moutaichina.com/uploadfile/2016/0118/20160118102919144.jpg
贵州茅台酒（中国龙-清龙）,http://www.moutaichina.com/uploadfile/2016/0118/20160118102920627.jpg
贵州茅台酒（中国龙-清龙）,http://www.moutaichina.com/uploadfile/2016/0118/20160118102921583.jpg
贵州茅台酒（中国龙-清龙）,http://www.moutaichina.com/uploadfile/2016/0118/20160118102923522.jpg
贵州茅台酒（中国龙-清龙）,http://www.moutaichina.com/uploadfile/2016/0118/20160118102924929.jpg
贵州茅台酒（贵宾特制）,http://www.moutaichina.com/uploadfile/2016/0120/20160120101530214.jpg
贵州茅台酒（贵宾特制）,http://www.moutaichina.com/uploadfile/2016/0120/20160120101530868.jpg
贵州茅台酒（贵宾特制）,http://www.moutaichina.com/uploadfile/2016/0120/20160120101530963.jpg
贵州茅台酒（贵宾特制）,http://www.moutaichina.com/uploadfile/2016/0120/20160120101531972.jpg
贵州茅台酒（贵宾特制）,http://www.moutaichina.com/uploadfile/2016/0120/20160120101531910.jpg
贵州茅台酒（贵宾特制）,http://www.moutaichina.com/uploadfile/2016/0120/20160120101531333.jpg
贵州茅台酒（贵宾特制）,http://www.moutaichina.com/uploadfile/2016/0120/20160120101531987.jpg
贵州茅台酒（贵宾特制）,http://www.moutaichina.com/uploadfile/2016/0120/20160120101532549.jpg
诗文墨宝（双支）,http://www.moutaichina.com/uploadfile/2016/0120/20160120101557608.jpg
诗文墨宝（双支）,http://www.moutaichina.com/uploadfile/2016/0120/20160120101557607.jpg
诗文墨宝（双支）,http://www.moutaichina.com/uploadfile/2016/0120/20160120101557443.jpg
诗文墨宝（双支）,http://www.moutaichina.com/uploadfile/2016/0120/20160120101558984.jpg
诗文墨宝（双支）,http://www.moutaichina.com/uploadfile/2016/0120/20160120101558511.jpg
诗文墨宝（双支）,http://www.moutaichina.com/uploadfile/2016/0120/20160120101558920.jpg
诗文墨宝（单支）,http://www.moutaichina.com/uploadfile/2016/0120/20160120101622299.jpg
诗文墨宝（单支）,http://www.moutaichina.com/uploadfile/2016/0120/20160120101622239.jpg
诗文墨宝（单支）,http://www.moutaichina.com/uploadfile/2016/0120/20160120101622491.jpg
诗文墨宝（单支）,http://www.moutaichina.com/uploadfile/2016/0120/20160120101623814.jpg
诗文墨宝（单支）,http://www.moutaichina.com/uploadfile/2016/0120/20160120101623532.jpg
诗文墨宝（单支）,http://www.moutaichina.com/uploadfile/2016/0120/20160120101623164.jpg
贵州茅台酒（龙纹珍品）,http://www.moutaichina.com/uploadfile/2016/0120/20160120101755719.jpg
贵州茅台酒（龙纹珍品）,http://www.moutaichina.com/uploadfile/2016/0120/20160120101755205.jpg
贵州茅台酒（龙纹珍品）,http://www.moutaichina.com/uploadfile/2016/0120/20160120101755236.jpg
贵州茅台酒（龙纹珍品）,http://www.moutaichina.com/uploadfile/2016/0120/20160120101756375.jpg
贵州茅台酒（龙纹珍品）,http://www.moutaichina.com/uploadfile/2016/0120/20160120101756940.jpg
贵州茅台酒（龙纹珍品）,http://www.moutaichina.com/uploadfile/2016/0120/20160120101756136.jpg
贵州茅台酒（贵宾）,http://www.moutaichina.com/uploadfile/2016/0120/20160120101729855.jpg
贵州茅台酒（贵宾）,http://www.moutaichina.com/uploadfile/2016/0120/20160120101729201.jpg
贵州茅台酒（贵宾）,http://www.moutaichina.com/uploadfile/2016/0120/20160120101729200.jpg
贵州茅台酒（贵宾）,http://www.moutaichina.com/uploadfile/2016/0120/20160120101730877.jpg
贵州茅台酒（贵宾）,http://www.moutaichina.com/uploadfile/2016/0120/20160120101730407.jpg
贵州茅台酒（贵宾）,http://www.moutaichina.com/uploadfile/2016/0120/20160120101730237.jpg
贵州茅台酒（中国企业家酒）,http://www.moutaichina.com/uploadfile/2016/0120/20160120101706391.jpg
贵州茅台酒（中国企业家酒）,http://www.moutaichina.com/uploadfile/2016/0120/20160120101707604.jpg
贵州茅台酒（中国企业家酒）,http://www.moutaichina.com/uploadfile/2016/0120/20160120101707513.jpg
贵州茅台酒（中国企业家酒）,http://www.moutaichina.com/uploadfile/2016/0120/20160120101708376.jpg
贵州茅台酒（中国企业家酒）,http://www.moutaichina.com/uploadfile/2016/0120/20160120101708117.jpg
贵州茅台酒（圆梦中国珍藏版）,http://www.moutaichina.com/uploadfile/2016/0120/20160120101646408.jpg
贵州茅台酒（圆梦中国珍藏版）,http://www.moutaichina.com/uploadfile/2016/0120/20160120101646814.jpg
贵州茅台酒（圆梦中国珍藏版）,http://www.moutaichina.com/uploadfile/2016/0120/20160120101647475.jpg
贵州茅台酒（圆梦中国珍藏版）,http://www.moutaichina.com/uploadfile/2016/0120/20160120101647135.jpg
贵州茅台酒（圆梦中国珍藏版）,http://www.moutaichina.com/uploadfile/2016/0120/20160120101647114.jpg
贵州茅台酒(53度375ml),http://www.moutaichina.com/uploadfile/2016/0113/20160113030554863.jpg
贵州茅台酒(53度375ml),http://www.moutaichina.com/uploadfile/2016/0113/20160113030555819.jpg
贵州茅台酒(53度375ml),http://www.moutaichina.com/uploadfile/2016/0113/20160113030555904.jpg
贵州茅台酒(53度375ml),http://www.moutaichina.com/uploadfile/2016/0113/20160113030555445.jpg
贵州茅台酒(53度375ml),http://www.moutaichina.com/uploadfile/2016/0113/20160113030556346.jpg
贵州茅台酒(53度375ml),http://www.moutaichina.com/uploadfile/2016/0113/20160113030557738.jpg
贵州茅台酒(53度375ml),http://www.moutaichina.com/uploadfile/2016/0113/20160113030558549.jpg
贵州茅台酒(53度375ml),http://www.moutaichina.com/uploadfile/2016/0113/20160113030559976.jpg
贵州茅台酒(53度200ml),http://www.moutaichina.com/uploadfile/2016/0113/20160113030223792.jpg
贵州茅台酒(53度200ml),http://www.moutaichina.com/uploadfile/2016/0113/20160113030223564.jpg
贵州茅台酒(53度200ml),http://www.moutaichina.com/uploadfile/2016/0113/20160113030224276.jpg
贵州茅台酒(53度200ml),http://www.moutaichina.com/uploadfile/2016/0113/20160113030224736.jpg
贵州茅台酒(53度200ml),http://www.moutaichina.com/uploadfile/2016/0113/20160113030225142.jpg
贵州茅台酒(53度200ml),http://www.moutaichina.com/uploadfile/2016/0113/20160113030226441.jpg
贵州茅台酒(53度200ml),http://www.moutaichina.com/uploadfile/2016/0113/20160113030227886.jpg
贵州茅台酒(53度200ml),http://www.moutaichina.com/uploadfile/2016/0113/20160113030228444.jpg
贵州茅台酒（高尔夫会员酒）,http://www.moutaichina.com/uploadfile/2016/0113/20160113030723332.jpg
贵州茅台酒（高尔夫会员酒）,http://www.moutaichina.com/uploadfile/2016/0113/20160113030724613.jpg
贵州茅台酒（高尔夫会员酒）,http://www.moutaichina.com/uploadfile/2016/0113/20160113030724992.jpg
贵州茅台酒（高尔夫会员酒）,http://www.moutaichina.com/uploadfile/2016/0113/20160113030726895.jpg
贵州茅台酒（53度750ml）,http://www.moutaichina.com/uploadfile/2016/0113/20160113030907703.jpg
贵州茅台酒（53度750ml）,http://www.moutaichina.com/uploadfile/2016/0113/20160113030908598.jpg
贵州茅台酒（53度750ml）,http://www.moutaichina.com/uploadfile/2016/0113/20160113030908328.jpg
贵州茅台酒（53度750ml）,http://www.moutaichina.com/uploadfile/2016/0113/20160113030909365.jpg
贵州茅台酒（53度750ml）,http://www.moutaichina.com/uploadfile/2016/0113/20160113030910862.jpg
贵州茅台酒（53度750ml）,http://www.moutaichina.com/uploadfile/2016/0113/20160113030914914.jpg
贵州茅台酒（53度750ml）,http://www.moutaichina.com/uploadfile/2016/0113/20160113030919862.jpg
贵州茅台酒（53度750ml）,http://www.moutaichina.com/uploadfile/2016/0113/20160113030920799.jpg
贵州茅台酒（53度750ml）,http://www.moutaichina.com/uploadfile/2016/0113/20160113030920805.jpg
贵州茅台酒(专卖店专供),http://www.moutaichina.com/uploadfile/2016/0113/20160113031058643.jpg
贵州茅台酒(专卖店专供),http://www.moutaichina.com/uploadfile/2016/0113/20160113031059212.jpg
贵州茅台酒(专卖店专供),http://www.moutaichina.com/uploadfile/2016/0113/20160113031059240.jpg
贵州茅台酒(专卖店专供),http://www.moutaichina.com/uploadfile/2016/0113/20160113031059264.jpg
贵州茅台酒(专卖店专供),http://www.moutaichina.com/uploadfile/2016/0113/20160113031100304.jpg
贵州茅台酒(专卖店专供),http://www.moutaichina.com/uploadfile/2016/0113/20160113031101252.jpg
贵州茅台酒(专卖店专供),http://www.moutaichina.com/uploadfile/2016/0113/20160113031101742.jpg
贵州茅台酒(专卖店专供),http://www.moutaichina.com/uploadfile/2016/0113/20160113031102679.jpg
贵州茅台酒(专卖店专供),http://www.moutaichina.com/uploadfile/2016/0113/20160113031103896.jpg
贵州茅台酒（飞天2000年),http://www.moutaichina.com/uploadfile/2016/0113/20160113031240610.jpg
贵州茅台酒（飞天2000年),http://www.moutaichina.com/uploadfile/2016/0113/20160113031241184.jpg
贵州茅台酒（飞天2000年),http://www.moutaichina.com/uploadfile/2016/0113/20160113031241863.jpg
贵州茅台酒（飞天2000年),http://www.moutaichina.com/uploadfile/2016/0113/20160113031242382.jpg
贵州茅台酒（飞天2000年),http://www.moutaichina.com/uploadfile/2016/0113/20160113031242433.jpg
贵州茅台酒（飞天2000年),http://www.moutaichina.com/uploadfile/2016/0113/20160113031243775.jpg
贵州茅台酒（飞天2000年),http://www.moutaichina.com/uploadfile/2016/0113/20160113031243588.jpg
贵州茅台酒（飞天2000年),http://www.moutaichina.com/uploadfile/2016/0113/20160113031244646.jpg
贵州茅台酒（飞天2000年),http://www.moutaichina.com/uploadfile/2016/0113/20160113031245489.jpg
贵州茅台酒（飞天2000年),http://www.moutaichina.com/uploadfile/2016/0113/20160113031247398.jpg
贵州茅台酒（飞天1000ml）,http://www.moutaichina.com/uploadfile/2016/0113/20160113031442473.jpg
贵州茅台酒（飞天1000ml）,http://www.moutaichina.com/uploadfile/2016/0113/20160113031443584.jpg
贵州茅台酒（飞天1000ml）,http://www.moutaichina.com/uploadfile/2016/0113/20160113031444358.jpg
贵州茅台酒（飞天1000ml）,http://www.moutaichina.com/uploadfile/2016/0113/20160113031444355.jpg
贵州茅台酒（飞天1000ml）,http://www.moutaichina.com/uploadfile/2016/0113/20160113031445429.jpg
贵州茅台酒（飞天1000ml）,http://www.moutaichina.com/uploadfile/2016/0113/20160113031445575.jpg
贵州茅台酒（飞天1000ml）,http://www.moutaichina.com/uploadfile/2016/0113/20160113031446777.jpg
贵州茅台酒（飞天1000ml）,http://www.moutaichina.com/uploadfile/2016/0113/20160113031447814.jpg
贵州茅台酒（飞天880ml）,http://www.moutaichina.com/uploadfile/2016/0113/20160113031612949.jpg
贵州茅台酒（飞天880ml）,http://www.moutaichina.com/uploadfile/2016/0113/20160113031612479.jpg
贵州茅台酒（飞天880ml）,http://www.moutaichina.com/uploadfile/2016/0113/20160113031613684.jpg
贵州茅台酒（飞天880ml）,http://www.moutaichina.com/uploadfile/2016/0113/20160113031613133.jpg
贵州茅台酒（飞天880ml）,http://www.moutaichina.com/uploadfile/2016/0113/20160113031614316.jpg
贵州茅台酒（飞天880ml）,http://www.moutaichina.com/uploadfile/2016/0113/20160113031614739.jpg
贵州茅台酒（飞天880ml）,http://www.moutaichina.com/uploadfile/2016/0113/20160113031615777.jpg
贵州茅台酒（飞天880ml）,http://www.moutaichina.com/uploadfile/2016/0113/20160113031616564.jpg
贵州茅台酒（茅台商城专享）,http://www.moutaichina.com/uploadfile/2016/0120/20160120094720175.jpg
贵州茅台酒（茅台商城专享）,http://www.moutaichina.com/uploadfile/2016/0120/20160120094721172.jpg
贵州茅台酒（茅台商城专享）,http://www.moutaichina.com/uploadfile/2016/0120/20160120094721969.jpg
贵州茅台酒（茅台商城专享）,http://www.moutaichina.com/uploadfile/2016/0120/20160120094721698.jpg
贵州茅台酒（茅台商城专享）,http://www.moutaichina.com/uploadfile/2016/0120/20160120094721949.jpg
贵州茅台酒（茅台商城专享）,http://www.moutaichina.com/uploadfile/2016/0120/20160120094721454.jpg
贵州茅台酒（茅台商城专享）,http://www.moutaichina.com/uploadfile/2016/0120/20160120094722391.jpg
贵州茅台酒（茅台商城专享）,http://www.moutaichina.com/uploadfile/2016/0120/20160120094722256.jpg
贵州茅台酒(43度1000ml),http://www.moutaichina.com/uploadfile/2016/0113/20160113043131379.jpg
贵州茅台酒(43度1000ml),http://www.moutaichina.com/uploadfile/2016/0113/20160113043132246.jpg
贵州茅台酒(43度1000ml),http://www.moutaichina.com/uploadfile/2016/0113/20160113043132776.jpg
贵州茅台酒(43度1000ml),http://www.moutaichina.com/uploadfile/2016/0113/20160113043133631.jpg
贵州茅台酒(43度1000ml),http://www.moutaichina.com/uploadfile/2016/0113/20160113043134234.jpg
贵州茅台酒(43度1000ml),http://www.moutaichina.com/uploadfile/2016/0113/20160113043134348.jpg
贵州茅台酒(43度1000ml),http://www.moutaichina.com/uploadfile/2016/0113/20160113043135740.jpg
贵州茅台酒(43度1000ml),http://www.moutaichina.com/uploadfile/2016/0113/20160113043137132.jpg
贵州茅台酒(43度750ml),http://www.moutaichina.com/uploadfile/2016/0113/20160113043244421.jpg
贵州茅台酒(43度750ml),http://www.moutaichina.com/uploadfile/2016/0113/20160113043244724.jpg
贵州茅台酒(43度750ml),http://www.moutaichina.com/uploadfile/2016/0113/20160113043245432.jpg
贵州茅台酒(43度750ml),http://www.moutaichina.com/uploadfile/2016/0113/20160113043246806.jpg
贵州茅台酒(43度750ml),http://www.moutaichina.com/uploadfile/2016/0113/20160113043246994.jpg
贵州茅台酒(43度750ml),http://www.moutaichina.com/uploadfile/2016/0113/20160113043247880.jpg
贵州茅台酒(43度750ml),http://www.moutaichina.com/uploadfile/2016/0113/20160113043248941.jpg
贵州茅台酒(43度750ml),http://www.moutaichina.com/uploadfile/2016/0113/20160113043249155.jpg
贵州茅台酒(43度880ml),http://www.moutaichina.com/uploadfile/2016/0120/20160120100129525.jpg
贵州茅台酒(43度880ml),http://www.moutaichina.com/uploadfile/2016/0120/20160120100129885.jpg
贵州茅台酒(43度880ml),http://www.moutaichina.com/uploadfile/2016/0120/20160120100129267.jpg
贵州茅台酒(43度880ml),http://www.moutaichina.com/uploadfile/2016/0120/20160120100130432.jpg
贵州茅台酒(43度880ml),http://www.moutaichina.com/uploadfile/2016/0120/20160120100130677.jpg
贵州茅台酒(43度880ml),http://www.moutaichina.com/uploadfile/2016/0120/20160120100130684.jpg
贵州茅台酒(43度680ml),http://www.moutaichina.com/uploadfile/2016/0113/20160113052148107.jpg
贵州茅台酒(43度680ml),http://www.moutaichina.com/uploadfile/2016/0113/20160113052149705.jpg
贵州茅台酒(43度680ml),http://www.moutaichina.com/uploadfile/2016/0113/20160113052152295.jpg
贵州茅台酒(43度680ml),http://www.moutaichina.com/uploadfile/2016/0113/20160113052154729.jpg
贵州茅台酒(43度680ml),http://www.moutaichina.com/uploadfile/2016/0113/20160113052156392.jpg
贵州茅台酒(五星43度500ml),http://www.moutaichina.com/uploadfile/2016/0113/20160113052650945.jpg
贵州茅台酒(五星43度500ml),http://www.moutaichina.com/uploadfile/2016/0113/20160113052652279.jpg
贵州茅台酒(五星43度500ml),http://www.moutaichina.com/uploadfile/2016/0113/20160113052654547.jpg
贵州茅台酒(五星43度500ml),http://www.moutaichina.com/uploadfile/2016/0113/20160113052655734.jpg
贵州茅台酒(五星43度500ml),http://www.moutaichina.com/uploadfile/2016/0113/20160113052657936.jpg
贵州茅台酒(五星43度500ml),http://www.moutaichina.com/uploadfile/2016/0113/20160113052658452.jpg
贵州茅台酒(五星43度500ml),http://www.moutaichina.com/uploadfile/2016/0113/20160113052700741.jpg
贵州茅台酒(五星43度500ml),http://www.moutaichina.com/uploadfile/2016/0113/20160113052702630.jpg
贵州茅台酒(五星43度500ml),http://www.moutaichina.com/uploadfile/2016/0113/20160113052704813.jpg
贵州茅台酒(43度1000ml),http://www.moutaichina.com/uploadfile/2016/0113/20160113052914379.jpg
贵州茅台酒(43度1000ml),http://www.moutaichina.com/uploadfile/2016/0113/20160113052915480.jpg
贵州茅台酒(43度1000ml),http://www.moutaichina.com/uploadfile/2016/0113/20160113052916508.jpg
贵州茅台酒(43度1000ml),http://www.moutaichina.com/uploadfile/2016/0113/20160113052917873.jpg
贵州茅台酒(43度1000ml),http://www.moutaichina.com/uploadfile/2016/0113/20160113052919533.jpg
贵州茅台酒(43度1000ml),http://www.moutaichina.com/uploadfile/2016/0113/20160113052920549.jpg
贵州茅台酒(43度1000ml),http://www.moutaichina.com/uploadfile/2016/0113/20160113052921938.jpg
贵州茅台酒(43度1000ml),http://www.moutaichina.com/uploadfile/2016/0113/20160113052922311.jpg
贵州茅台酒(飞天牌珍藏475ml),http://www.moutaichina.com/uploadfile/2016/0120/20160120095342143.jpg
贵州茅台酒(飞天牌珍藏475ml),http://www.moutaichina.com/uploadfile/2016/0120/20160120095343624.jpg
贵州茅台酒(飞天牌珍藏475ml),http://www.moutaichina.com/uploadfile/2016/0120/20160120095343773.jpg
贵州茅台酒(飞天牌珍藏475ml),http://www.moutaichina.com/uploadfile/2016/0120/20160120095343880.jpg
贵州茅台酒(飞天牌珍藏475ml),http://www.moutaichina.com/uploadfile/2016/0120/20160120095344358.jpg
贵州茅台酒(飞天牌珍藏475ml),http://www.moutaichina.com/uploadfile/2016/0120/20160120095344121.jpg
贵州茅台酒(飞天牌珍藏475ml),http://www.moutaichina.com/uploadfile/2016/0120/20160120095345818.jpg
贵州茅台酒(中信金陵红),http://www.moutaichina.com/uploadfile/2016/0120/20160120095454812.jpg
贵州茅台酒(中信金陵红),http://www.moutaichina.com/uploadfile/2016/0120/20160120095454200.jpg
贵州茅台酒(中信金陵红),http://www.moutaichina.com/uploadfile/2016/0120/20160120095455180.jpg
贵州茅台酒(中信金陵红),http://www.moutaichina.com/uploadfile/2016/0120/20160120095455778.jpg
贵州茅台酒(中信金陵红),http://www.moutaichina.com/uploadfile/2016/0120/20160120095455191.jpg
贵州茅台酒（新飞天53度400ml）,http://www.moutaichina.com/uploadfile/2016/1124/thumb_350_350_20161124104708457.jpg
贵州茅台酒（新飞天53度400ml）,http://www.moutaichina.com/uploadfile/2016/1124/thumb_350_350_20161124104738521.jpg
贵州茅台酒（新飞天53度400ml）,http://www.moutaichina.com/uploadfile/2016/1124/thumb_350_350_20161124104759938.jpg
贵州茅台酒（新飞天53度400ml）,http://www.moutaichina.com/uploadfile/2016/1124/thumb_350_350_20161124104722919.jpg
贵州茅台酒（新飞天53度400ml）,http://www.moutaichina.com/uploadfile/2016/1124/thumb_350_350_20161124104811526.jpg
贵州茅台酒（新飞天53度400ml）,http://www.moutaichina.com/uploadfile/2016/1124/thumb_350_350_20161124104825523.jpg
贵州茅台酒（新飞天53度400ml）,http://www.moutaichina.com/uploadfile/2016/1124/thumb_350_350_20161124104835954.jpg
贵州茅台酒（新飞天53度400ml）,http://www.moutaichina.com/uploadfile/2016/1124/thumb_350_350_20161124104848802.jpg
贵州茅台酒（新飞天53度400ml）,http://www.moutaichina.com/uploadfile/2016/1124/thumb_350_350_20161124104900486.jpg
贵州茅台酒(中信金陵白),http://www.moutaichina.com/uploadfile/2016/0120/20160120095523535.jpg
贵州茅台酒(中信金陵白),http://www.moutaichina.com/uploadfile/2016/0120/20160120095523972.jpg
贵州茅台酒(中信金陵白),http://www.moutaichina.com/uploadfile/2016/0120/20160120095523562.jpg
贵州茅台酒(中信金陵白),http://www.moutaichina.com/uploadfile/2016/0120/20160120095524518.jpg
贵州茅台酒(中信金陵白),http://www.moutaichina.com/uploadfile/2016/0120/20160120095524514.jpg
九和天下(至和),http://www.moutaichina.com/uploadfile/2016/0120/20160120102438576.jpg
九和天下(承和),http://www.moutaichina.com/uploadfile/2016/0120/20160120102454474.jpg
孝道酒(双支礼盒),http://www.moutaichina.com/uploadfile/2016/0113/20160113040742579.jpg
孝道酒(双支礼盒),http://www.moutaichina.com/uploadfile/2016/0113/20160113040742286.jpg
孝道酒(双支礼盒),http://www.moutaichina.com/uploadfile/2016/0113/20160113040742137.jpg
孝道酒(双支礼盒),http://www.moutaichina.com/uploadfile/2016/0113/20160113040743745.jpg
孝道酒(双支礼盒),http://www.moutaichina.com/uploadfile/2016/0113/20160113040743774.jpg
孝道酒(双支礼盒),http://www.moutaichina.com/uploadfile/2016/0113/20160113040744551.jpg
孝道酒(双支礼盒),http://www.moutaichina.com/uploadfile/2016/0113/20160113040745219.jpg
孝道酒(双支礼盒),http://www.moutaichina.com/uploadfile/2016/0113/20160113040746852.jpg
孝道酒(单支礼盒),http://www.moutaichina.com/uploadfile/2016/0113/20160113040847178.jpg
孝道酒(单支礼盒),http://www.moutaichina.com/uploadfile/2016/0113/20160113040848181.jpg
孝道酒(单支礼盒),http://www.moutaichina.com/uploadfile/2016/0113/20160113040848191.jpg
孝道酒(单支礼盒),http://www.moutaichina.com/uploadfile/2016/0113/20160113040849762.jpg
孝道酒(单支礼盒),http://www.moutaichina.com/uploadfile/2016/0113/20160113040849164.jpg
孝道酒(单支礼盒),http://www.moutaichina.com/uploadfile/2016/0113/20160113040850355.jpg
孝道酒(单支礼盒),http://www.moutaichina.com/uploadfile/2016/0113/20160113040851333.jpg
孝道酒(单支礼盒),http://www.moutaichina.com/uploadfile/2016/0113/20160113040851112.jpg
成龙酒,http://www.moutaichina.com/uploadfile/2016/0113/20160113040554426.jpg
成龙酒,http://www.moutaichina.com/uploadfile/2016/0113/20160113040555602.jpg
成龙酒,http://www.moutaichina.com/uploadfile/2016/0113/20160113040555484.jpg
成龙酒,http://www.moutaichina.com/uploadfile/2016/0113/20160113040556831.jpg
成龙酒,http://www.moutaichina.com/uploadfile/2016/0113/20160113040557656.jpg
成龙酒,http://www.moutaichina.com/uploadfile/2016/0113/20160113040557102.jpg
成龙酒,http://www.moutaichina.com/uploadfile/2016/0113/20160113040558908.jpg
成龙酒,http://www.moutaichina.com/uploadfile/2016/0113/20160113040559567.jpg
成龙酒,http://www.moutaichina.com/uploadfile/2016/0113/20160113040600552.jpg
赖茅酒(重沙),http://www.moutaichina.com/uploadfile/2016/0120/20160120101930878.jpg
赖茅酒(重沙),http://www.moutaichina.com/uploadfile/2016/0120/20160120101930426.jpg
赖茅酒(重沙),http://www.moutaichina.com/uploadfile/2016/0120/20160120101931602.jpg
赖茅酒(重沙),http://www.moutaichina.com/uploadfile/2016/0120/20160120101931831.jpg
赖茅酒(重沙),http://www.moutaichina.com/uploadfile/2016/0120/20160120101931102.jpg
赖茅酒(重沙),http://www.moutaichina.com/uploadfile/2016/0120/20160120101931951.jpg
赖茅酒(传承),http://www.moutaichina.com/uploadfile/2016/0120/20160120101948451.jpg
赖茅酒(传承),http://www.moutaichina.com/uploadfile/2016/0120/20160120101948870.jpg
赖茅酒(传承),http://www.moutaichina.com/uploadfile/2016/0120/20160120101949857.jpg
赖茅酒(传承),http://www.moutaichina.com/uploadfile/2016/0120/20160120101949827.jpg
赖茅酒(传承),http://www.moutaichina.com/uploadfile/2016/0120/20160120101949822.jpg
年份茅台酒珍藏套装(金奖百年),http://www.moutaichina.com/uploadfile/2016/0120/20160120094549131.jpg
年份茅台酒珍藏套装(金奖百年),http://www.moutaichina.com/uploadfile/2016/0120/20160120094549953.jpg
年份茅台酒珍藏套装(金奖百年),http://www.moutaichina.com/uploadfile/2016/0120/20160120094550223.jpg
年份茅台酒珍藏套装(金奖百年),http://www.moutaichina.com/uploadfile/2016/0120/20160120094551437.jpg
年份茅台酒珍藏套装(金奖百年),http://www.moutaichina.com/uploadfile/2016/0120/20160120094552902.jpg
年份茅台酒珍藏套装(金奖百年),http://www.moutaichina.com/uploadfile/2016/0120/20160120094553763.jpg
年份茅台酒珍藏套装(金奖百年),http://www.moutaichina.com/uploadfile/2016/0120/20160120094554300.jpg
年份茅台酒珍藏套装(金奖百年),http://www.moutaichina.com/uploadfile/2016/0120/20160120094555578.jpg
年份茅台酒珍藏套装(金奖百年),http://www.moutaichina.com/uploadfile/2016/0120/20160120094556583.jpg
年份茅台酒珍藏套装(金奖百年),http://www.moutaichina.com/uploadfile/2016/0120/20160120094556175.jpg
陈年茅台酒纪念酒(建国60周年纪念酒),http://www.moutaichina.com/uploadfile/2016/0113/20160113113928487.jpg
陈年茅台酒纪念酒(建国60周年纪念酒),http://www.moutaichina.com/uploadfile/2016/0113/20160113113930898.jpg
陈年茅台酒纪念酒(建国60周年纪念酒),http://www.moutaichina.com/uploadfile/2016/0113/20160113113931734.jpg
陈年茅台酒纪念酒(建国60周年纪念酒),http://www.moutaichina.com/uploadfile/2016/0113/20160113113933567.jpg
陈年茅台酒纪念酒(建国60周年纪念酒),http://www.moutaichina.com/uploadfile/2016/0113/20160113113934687.jpg
陈年茅台酒纪念酒(建国60周年纪念酒),http://www.moutaichina.com/uploadfile/2016/0113/20160113113936154.jpg
陈年茅台酒纪念酒(建国60周年纪念酒),http://www.moutaichina.com/uploadfile/2016/0113/20160113113937453.jpg
陈年茅台酒纪念酒(建国60周年纪念酒),http://www.moutaichina.com/uploadfile/2016/0113/20160113113939136.jpg
陈年茅台酒纪念酒(建国60周年纪念酒),http://www.moutaichina.com/uploadfile/2016/0113/20160113113940399.jpg
陈年茅台酒纪念酒(建国60周年纪念酒),http://www.moutaichina.com/uploadfile/2016/0113/20160113113941662.jpg
15年陈年茅台酒(中国体育代表团铜牌酒),http://www.moutaichina.com/uploadfile/2016/0113/20160113112155897.jpg
15年陈年茅台酒(中国体育代表团铜牌酒),http://www.moutaichina.com/uploadfile/2016/0113/20160113112155423.jpg
15年陈年茅台酒(中国体育代表团铜牌酒),http://www.moutaichina.com/uploadfile/2016/0113/20160113112156682.jpg
15年陈年茅台酒(中国体育代表团铜牌酒),http://www.moutaichina.com/uploadfile/2016/0113/20160113112157687.jpg
15年陈年茅台酒(中国体育代表团铜牌酒),http://www.moutaichina.com/uploadfile/2016/0113/20160113112158414.jpg
15年陈年茅台酒(中国体育代表团铜牌酒),http://www.moutaichina.com/uploadfile/2016/0113/20160113112159104.jpg
15年陈年茅台酒(中国体育代表团铜牌酒),http://www.moutaichina.com/uploadfile/2016/0113/20160113112200410.jpg
15年陈年茅台酒(中国体育代表团铜牌酒),http://www.moutaichina.com/uploadfile/2016/0113/20160113112201241.jpg
15年陈年茅台酒(中国体育代表团铜牌酒),http://www.moutaichina.com/uploadfile/2016/0113/20160113112202841.jpg
15年陈年茅台酒(中国体育代表团铜牌酒),http://www.moutaichina.com/uploadfile/2016/0113/20160113112204180.jpg
15年陈年茅台酒(九龙墨宝),http://www.moutaichina.com/uploadfile/2016/0113/20160113112422792.jpg
15年陈年茅台酒(九龙墨宝),http://www.moutaichina.com/uploadfile/2016/0113/20160113112424782.jpg
15年陈年茅台酒(九龙墨宝),http://www.moutaichina.com/uploadfile/2016/0113/20160113112427543.jpg
15年陈年茅台酒(九龙墨宝),http://www.moutaichina.com/uploadfile/2016/0113/20160113112431928.jpg
15年陈年茅台酒(九龙墨宝),http://www.moutaichina.com/uploadfile/2016/0113/20160113112433246.jpg
15年陈年茅台酒(九龙墨宝),http://www.moutaichina.com/uploadfile/2016/0113/20160113112435662.jpg
15年陈年茅台酒(九龙墨宝),http://www.moutaichina.com/uploadfile/2016/0113/20160113112437177.jpg
15年陈年茅台酒(九龙墨宝),http://www.moutaichina.com/uploadfile/2016/0113/20160113112439363.jpg
30年陈年茅台酒,http://zt.moutaichina.com/Portals/1/content/cptp/DSC_0014ssn.jpg
30年陈年茅台酒,http://zt.moutaichina.com/Portals/1/content/cptp/DSC_0016ssn.jpg
30年陈年茅台酒,http://zt.moutaichina.com/Portals/1/content/cptp/DSC_0018ssn.jpg
30年陈年茅台酒,http://zt.moutaichina.com/Portals/1/content/cptp/DSC_0011ssn.jpg
30年陈年茅台酒,http://www.moutaichina.com/uploadfile/2015/1231/20151231100245249.jpg
30年陈年茅台酒(九龙墨宝),http://www.moutaichina.com/uploadfile/2016/0113/20160113110906900.jpg
30年陈年茅台酒(九龙墨宝),http://www.moutaichina.com/uploadfile/2016/0113/20160113110909894.jpg
30年陈年茅台酒(九龙墨宝),http://www.moutaichina.com/uploadfile/2016/0113/20160113110911738.jpg
30年陈年茅台酒(九龙墨宝),http://www.moutaichina.com/uploadfile/2016/0113/20160113110913578.jpg
30年陈年茅台酒(九龙墨宝),http://www.moutaichina.com/uploadfile/2016/0113/20160113110914465.jpg
30年陈年茅台酒(九龙墨宝),http://www.moutaichina.com/uploadfile/2016/0113/20160113110915618.jpg
30年陈年茅台酒(九龙墨宝),http://www.moutaichina.com/uploadfile/2016/0113/20160113110917893.jpg
30年陈年茅台酒(九龙墨宝),http://www.moutaichina.com/uploadfile/2016/0113/20160113110918208.jpg
30年陈年茅台酒(中国体育代表团银牌酒),http://www.moutaichina.com/uploadfile/2016/0113/20160113110550606.jpg
30年陈年茅台酒(中国体育代表团银牌酒),http://www.moutaichina.com/uploadfile/2016/0113/20160113110551657.jpg
30年陈年茅台酒(中国体育代表团银牌酒),http://www.moutaichina.com/uploadfile/2016/0113/20160113110552642.jpg
30年陈年茅台酒(中国体育代表团银牌酒),http://www.moutaichina.com/uploadfile/2016/0113/20160113110554981.jpg
30年陈年茅台酒(中国体育代表团银牌酒),http://www.moutaichina.com/uploadfile/2016/0113/20160113110555620.jpg
30年陈年茅台酒(中国体育代表团银牌酒),http://www.moutaichina.com/uploadfile/2016/0113/20160113110556104.jpg
30年陈年茅台酒(中国体育代表团银牌酒),http://www.moutaichina.com/uploadfile/2016/0113/20160113110558176.jpg
30年陈年茅台酒(中国体育代表团银牌酒),http://www.moutaichina.com/uploadfile/2016/0113/20160113110600483.jpg
30年陈年茅台酒(中国体育代表团银牌酒),http://www.moutaichina.com/uploadfile/2016/0113/20160113110601136.jpg
30年陈年茅台酒(中国体育代表团银牌酒),http://www.moutaichina.com/uploadfile/2016/0113/20160113110603108.jpg
30年陈年茅台酒(百年国博),http://www.moutaichina.com/uploadfile/2016/0113/20160113111409504.jpg
30年陈年茅台酒(百年国博),http://www.moutaichina.com/uploadfile/2016/0113/20160113111410724.jpg
30年陈年茅台酒(百年国博),http://www.moutaichina.com/uploadfile/2016/0113/20160113111412325.jpg
30年陈年茅台酒(百年国博),http://www.moutaichina.com/uploadfile/2016/0113/20160113111413107.jpg
30年陈年茅台酒(百年国博),http://www.moutaichina.com/uploadfile/2016/0113/20160113111415250.jpg
30年陈年茅台酒(百年国博),http://www.moutaichina.com/uploadfile/2016/0113/20160113111416837.jpg
30年陈年茅台酒(百年国博),http://www.moutaichina.com/uploadfile/2016/0113/20160113111418633.jpg
30年陈年茅台酒(百年国博),http://www.moutaichina.com/uploadfile/2016/0113/20160113111420654.jpg
30年陈年茅台酒(百年国博),http://www.moutaichina.com/uploadfile/2016/0113/20160113111422170.jpg
30年陈年茅台酒(百年国博),http://www.moutaichina.com/uploadfile/2016/0113/20160113111425380.jpg
50年陈年茅台酒,http://www.moutaichina.com/uploadfile/2016/0113/20160113103740531.jpg
50年陈年茅台酒,http://www.moutaichina.com/uploadfile/2016/0113/20160113103741609.jpg
50年陈年茅台酒,http://www.moutaichina.com/uploadfile/2016/0113/20160113103743754.jpg
50年陈年茅台酒,http://www.moutaichina.com/uploadfile/2016/0113/20160113103744430.jpg
50年陈年茅台酒,http://www.moutaichina.com/uploadfile/2016/0113/20160113103745491.jpg
50年陈年茅台酒,http://www.moutaichina.com/uploadfile/2016/0113/20160113103747143.jpg
50年陈年茅台酒,http://www.moutaichina.com/uploadfile/2016/0113/20160113103748646.jpg
50年陈年茅台酒(中国体育代表团金牌酒),http://www.moutaichina.com/uploadfile/2016/0113/20160113104226911.jpg
50年陈年茅台酒(中国体育代表团金牌酒),http://www.moutaichina.com/uploadfile/2016/0113/20160113104227473.jpg
50年陈年茅台酒(中国体育代表团金牌酒),http://www.moutaichina.com/uploadfile/2016/0113/20160113104228787.jpg
50年陈年茅台酒(中国体育代表团金牌酒),http://www.moutaichina.com/uploadfile/2016/0113/20160113104229672.jpg
50年陈年茅台酒(中国体育代表团金牌酒),http://www.moutaichina.com/uploadfile/2016/0113/20160113104230369.jpg
50年陈年茅台酒(中国体育代表团金牌酒),http://www.moutaichina.com/uploadfile/2016/0113/20160113104231542.jpg
50年陈年茅台酒(中国体育代表团金牌酒),http://www.moutaichina.com/uploadfile/2016/0113/20160113104232211.jpg
50年陈年茅台酒(中国体育代表团金牌酒),http://www.moutaichina.com/uploadfile/2016/0113/20160113104233284.jpg
50年陈年茅台酒(中国体育代表团金牌酒),http://www.moutaichina.com/uploadfile/2016/0113/20160113104234642.jpg
50年陈年茅台酒(中国体育代表团金牌酒),http://www.moutaichina.com/uploadfile/2016/0113/20160113104235681.jpg
50年陈年茅台酒(百年巨匠),http://www.moutaichina.com/uploadfile/2016/0113/20160113105415827.jpg
50年陈年茅台酒(百年巨匠),http://www.moutaichina.com/uploadfile/2016/0113/20160113105416967.jpg
50年陈年茅台酒(百年巨匠),http://www.moutaichina.com/uploadfile/2016/0113/20160113105418730.jpg
50年陈年茅台酒(百年巨匠),http://www.moutaichina.com/uploadfile/2016/0113/20160113105420975.jpg
50年陈年茅台酒(百年巨匠),http://www.moutaichina.com/uploadfile/2016/0113/20160113105422913.jpg
80年陈年茅台酒(九龙墨宝),http://www.moutaichina.com/uploadfile/2016/0108/20160108031117422.jpg
80年陈年茅台酒(九龙墨宝),http://www.moutaichina.com/uploadfile/2016/0108/20160108031118846.jpg
80年陈年茅台酒(九龙墨宝),http://www.moutaichina.com/uploadfile/2016/0108/20160108031119225.jpg
80年陈年茅台酒(九龙墨宝),http://www.moutaichina.com/uploadfile/2016/0108/20160108031121349.jpg
80年陈年茅台酒(九龙墨宝),http://www.moutaichina.com/uploadfile/2016/0108/20160108031122105.jpg
80年陈年茅台酒(九龙墨宝),http://www.moutaichina.com/uploadfile/2016/0108/20160108031123500.jpg
80年陈年茅台酒(九龙墨宝),http://www.moutaichina.com/uploadfile/2016/0108/20160108031124347.jpg
80年陈年茅台酒,http://www.moutaichina.com/uploadfile/2016/0108/20160108031921839.jpg
80年陈年茅台酒,http://www.moutaichina.com/uploadfile/2016/0108/20160108031922532.jpg
80年陈年茅台酒,http://www.moutaichina.com/uploadfile/2016/0108/20160108031923717.jpg
80年陈年茅台酒,http://www.moutaichina.com/uploadfile/2016/0108/20160108031923570.jpg
80年陈年茅台酒,http://www.moutaichina.com/uploadfile/2016/0108/20160108031925419.jpg
80年陈年茅台酒,http://www.moutaichina.com/uploadfile/2016/0108/20160108031927356.jpg
80年陈年茅台酒,http://www.moutaichina.com/uploadfile/2016/0108/20160108031927162.jpg
80年陈年茅台酒,http://www.moutaichina.com/uploadfile/2016/0108/20160108031928892.jpg
80年陈年茅台酒,http://www.moutaichina.com/uploadfile/2016/0108/20160108031928579.jpg
80年陈年茅台酒,http://www.moutaichina.com/uploadfile/2016/0108/20160108031929305.jpg
贵州茅台酒（飞天50ml）,http://www.moutaichina.com/uploadfile/2016/0113/20160113030028578.jpg
贵州茅台酒（飞天50ml）,http://www.moutaichina.com/uploadfile/2016/0113/20160113030029234.jpg
贵州茅台酒（飞天50ml）,http://www.moutaichina.com/uploadfile/2016/0113/20160113030030645.jpg
贵州茅台酒（飞天50ml）,http://www.moutaichina.com/uploadfile/2016/0113/20160113030030360.jpg
贵州茅台酒（飞天50ml）,http://www.moutaichina.com/uploadfile/2016/0113/20160113030031484.jpg
贵州茅台酒（飞天50ml）,http://www.moutaichina.com/uploadfile/2016/0113/20160113030032492.jpg
贵州茅台酒（飞天50ml）,http://www.moutaichina.com/uploadfile/2016/0113/20160113030034803.jpg
